rowid,alert_id,timestamp,rule_id,rule_description,prediction,confidence,created_at
64295,1784048487.138056159,2026-07-14T17:01:27.539+0000,86601,Suricata: Alert - ET DROP Spamhaus DROP Listed Traffic Inbound group 4,0,0.32729852199554443,2026-07-14 17:01:28
64294,1784048487.138054046,2026-07-14T17:01:27.529+0000,86601,Suricata: Alert - ET DROP Spamhaus DROP Listed Traffic Inbound group 29,0,0.32729852199554443,2026-07-14 17:01:28
64293,1784048487.138051945,2026-07-14T17:01:27.521+0000,86601,Suricata: Alert - ET DROP Spamhaus DROP Listed Traffic Inbound group 32,0,0.32729852199554443,2026-07-14 17:01:28
64292,1784048487.138049832,2026-07-14T17:01:27.510+0000,86601,Suricata: Alert - ET DROP Spamhaus DROP Listed Traffic Inbound group 27,0,0.32729852199554443,2026-07-14 17:01:28
64291,1784048487.138047723,2026-07-14T17:01:27.501+0000,86601,Suricata: Alert - ET DROP Spamhaus DROP Listed Traffic Inbound group 26,0,0.32729852199554443,2026-07-14 17:01:28
64290,1784048487.138045622,2026-07-14T17:01:27.501+0000,86601,Suricata: Alert - ET DROP Spamhaus DROP Listed Traffic Inbound group 67,0,0.32729852199554443,2026-07-14 17:01:28
64289,1784048486.138043511,2026-07-14T17:01:26.763+0000,86601,Suricata: Alert - ET DROP Spamhaus DROP Listed Traffic Inbound group 26,0,0.32729852199554443,2026-07-14 17:01:28
64288,1784048486.138041393,2026-07-14T17:01:26.763+0000,86601,Suricata: Alert - ET DROP Spamhaus DROP Listed Traffic Inbound group 24,0,0.32729852199554443,2026-07-14 17:01:28
64287,1784048486.138039297,2026-07-14T17:01:26.756+0000,86601,Suricata: Alert - ET DROP Spamhaus DROP Listed Traffic Inbound group 3,0,0.32729852199554443,2026-07-14 17:01:28
64286,1784048485.138037184,2026-07-14T17:01:25.313+0000,86601,Suricata: Alert - ET DROP Spamhaus DROP Listed Traffic Inbound group 32,0,0.32729852199554443,2026-07-14 17:01:26
64285,1784048483.138035079,2026-07-14T17:01:23.322+0000,86601,Suricata: Alert - ET DROP Spamhaus DROP Listed Traffic Inbound group 33,0,0.32729852199554443,2026-07-14 17:01:24
64284,1784048481.138032982,2026-07-14T17:01:21.639+0000,86601,Suricata: Alert - ET DROP Spamhaus DROP Listed Traffic Inbound group 32,0,0.32729852199554443,2026-07-14 17:01:23
64283,1784048481.138030881,2026-07-14T17:01:21.120+0000,86601,Suricata: Alert - ET DROP Spamhaus DROP Listed Traffic Inbound group 30,0,0.32729852199554443,2026-07-14 17:01:22
64282,1784048469.137931956,2026-07-14T17:01:09.058+0000,86601,Suricata: Alert - ET DROP Spamhaus DROP Listed Traffic Inbound group 24,0,0.32729852199554443,2026-07-14 17:01:10
64281,1784048465.137929852,2026-07-14T17:01:05.155+0000,86601,Suricata: Alert - ET DROP Spamhaus DROP Listed Traffic Inbound group 4,0,0.32729852199554443,2026-07-14 17:01:06
64280,1784048463.137927743,2026-07-14T17:01:03.136+0000,86601,Suricata: Alert - ET DROP Spamhaus DROP Listed Traffic Inbound group 34,0,0.32729852199554443,2026-07-14 17:01:04
64279,1784048462.137925632,2026-07-14T17:01:02.737+0000,86601,Suricata: Alert - ET DROP Spamhaus DROP Listed Traffic Inbound group 55,0,0.32729852199554443,2026-07-14 17:01:04
64278,1784048459.137923519,2026-07-14T17:00:59.176+0000,86601,Suricata: Alert - ET DROP Spamhaus DROP Listed Traffic Inbound group 67,0,0.32729852199554443,2026-07-14 17:00:59
64277,1784048459.137921417,2026-07-14T17:00:59.175+0000,86601,Suricata: Alert - ET DROP Spamhaus DROP Listed Traffic Inbound group 4,0,0.32729852199554443,2026-07-14 17:00:59
64276,1784048459.137919308,2026-07-14T17:00:59.149+0000,86601,Suricata: Alert - ET DROP Spamhaus DROP Listed Traffic Inbound group 25,0,0.32729852199554443,2026-07-14 17:00:59
64275,1784048459.137917207,2026-07-14T17:00:59.149+0000,86601,Suricata: Alert - ET DROP Spamhaus DROP Listed Traffic Inbound group 29,0,0.32729852199554443,2026-07-14 17:00:59
64274,1784048459.137915094,2026-07-14T17:00:59.138+0000,86601,Suricata: Alert - ET DROP Spamhaus DROP Listed Traffic Inbound group 27,0,0.32729852199554443,2026-07-14 17:00:59
64273,1784048459.137912985,2026-07-14T17:00:59.109+0000,86601,Suricata: Alert - ET DROP Spamhaus DROP Listed Traffic Inbound group 29,0,0.32729852199554443,2026-07-14 17:00:59
64272,1784048459.137910876,2026-07-14T17:00:59.096+0000,86601,Suricata: Alert - ET DROP Spamhaus DROP Listed Traffic Inbound group 29,0,0.32729852199554443,2026-07-14 17:00:59
64271,1784048459.137908771,2026-07-14T17:00:59.082+0000,86601,Suricata: Alert - ET DROP Spamhaus DROP Listed Traffic Inbound group 30,0,0.32729852199554443,2026-07-14 17:00:59
64270,1784048459.137906660,2026-07-14T17:00:59.028+0000,86601,Suricata: Alert - ET DROP Spamhaus DROP Listed Traffic Inbound group 29,0,0.32729852199554443,2026-07-14 17:00:59
64269,1784048459.137904552,2026-07-14T17:00:59.014+0000,86601,Suricata: Alert - ET DROP Spamhaus DROP Listed Traffic Inbound group 4,0,0.32729852199554443,2026-07-14 17:00:59
64268,1784048458.137902452,2026-07-14T17:00:58.973+0000,86601,Suricata: Alert - ET DROP Spamhaus DROP Listed Traffic Inbound group 4,0,0.32729852199554443,2026-07-14 17:00:59
64267,1784048458.137900341,2026-07-14T17:00:58.886+0000,86601,Suricata: Alert - ET DROP Spamhaus DROP Listed Traffic Inbound group 30,0,0.32729852199554443,2026-07-14 17:00:59
64266,1784048458.137898230,2026-07-14T17:00:58.822+0000,86601,Suricata: Alert - ET DROP Spamhaus DROP Listed Traffic Inbound group 33,0,0.32729852199554443,2026-07-14 17:00:59
64265,1784048458.137896115,2026-07-14T17:00:58.822+0000,86601,Suricata: Alert - ET DROP Spamhaus DROP Listed Traffic Inbound group 31,0,0.32729852199554443,2026-07-14 17:00:59
64264,1784048458.137894000,2026-07-14T17:00:58.800+0000,86601,Suricata: Alert - ET DROP Spamhaus DROP Listed Traffic Inbound group 32,0,0.32729852199554443,2026-07-14 17:00:59
64263,1784048458.137891900,2026-07-14T17:00:58.768+0000,86601,Suricata: Alert - ET DROP Spamhaus DROP Listed Traffic Inbound group 4,0,0.32729852199554443,2026-07-14 17:00:59
64262,1784048458.137889789,2026-07-14T17:00:58.740+0000,86601,Suricata: Alert - ET DROP Spamhaus DROP Listed Traffic Inbound group 33,0,0.32729852199554443,2026-07-14 17:00:59
64261,1784048458.137887682,2026-07-14T17:00:58.719+0000,86601,Suricata: Alert - ET DROP Spamhaus DROP Listed Traffic Inbound group 24,0,0.32729852199554443,2026-07-14 17:00:59
64260,1784048458.137885567,2026-07-14T17:00:58.700+0000,86601,Suricata: Alert - ET DROP Spamhaus DROP Listed Traffic Inbound group 31,0,0.32729852199554443,2026-07-14 17:00:59
64259,1784048458.137883454,2026-07-14T17:00:58.366+0000,86601,Suricata: Alert - ET DROP Spamhaus DROP Listed Traffic Inbound group 58,0,0.32729852199554443,2026-07-14 17:00:58
64258,1784048458.137881349,2026-07-14T17:00:58.178+0000,86601,Suricata: Alert - ET DROP Spamhaus DROP Listed Traffic Inbound group 32,0,0.32729852199554443,2026-07-14 17:00:58
64257,1784048458.137879244,2026-07-14T17:00:58.177+0000,86601,Suricata: Alert - ET DROP Spamhaus DROP Listed Traffic Inbound group 56,0,0.32729852199554443,2026-07-14 17:00:58
64256,1784048458.137877142,2026-07-14T17:00:58.177+0000,86601,Suricata: Alert - ET DROP Spamhaus DROP Listed Traffic Inbound group 4,0,0.32729852199554443,2026-07-14 17:00:58
64255,1784048455.137842934,2026-07-14T17:00:55.554+0000,86601,Suricata: Alert - ET DROP Spamhaus DROP Listed Traffic Inbound group 66,0,0.32729852199554443,2026-07-14 17:00:56
64254,1784048449.137809213,2026-07-14T17:00:49.280+0000,86601,Suricata: Alert - ET DROP Spamhaus DROP Listed Traffic Inbound group 29,0,0.32729852199554443,2026-07-14 17:00:49
64253,1784048439.137794173,2026-07-14T17:00:39.458+0000,86601,Suricata: Alert - ET DROP Spamhaus DROP Listed Traffic Inbound group 26,0,0.32729852199554443,2026-07-14 17:00:39
64252,1784048435.137792068,2026-07-14T17:00:35.993+0000,86601,Suricata: Alert - ET DROP Spamhaus DROP Listed Traffic Inbound group 27,0,0.32729852199554443,2026-07-14 17:00:36
64251,1784048433.137789957,2026-07-14T17:00:33.394+0000,86601,Suricata: Alert - ET DROP Spamhaus DROP Listed Traffic Inbound group 26,0,0.32729852199554443,2026-07-14 17:00:33
64250,1784048433.137787842,2026-07-14T17:00:33.394+0000,86601,Suricata: Alert - ET DROP Spamhaus DROP Listed Traffic Inbound group 35,0,0.32729852199554443,2026-07-14 17:00:33
64249,1784048433.137785735,2026-07-14T17:00:33.338+0000,86601,Suricata: Alert - ET DROP Spamhaus DROP Listed Traffic Inbound group 67,0,0.32729852199554443,2026-07-14 17:00:33
64248,1784048433.137783624,2026-07-14T17:00:33.338+0000,86601,Suricata: Alert - ET DROP Spamhaus DROP Listed Traffic Inbound group 29,0,0.32729852199554443,2026-07-14 17:00:33
64247,1784048433.137781520,2026-07-14T17:00:33.321+0000,86601,Suricata: Alert - ET DROP Spamhaus DROP Listed Traffic Inbound group 3,0,0.32729852199554443,2026-07-14 17:00:33
64246,1784048433.137779405,2026-07-14T17:00:33.317+0000,86601,Suricata: Alert - ET DROP Spamhaus DROP Listed Traffic Inbound group 33,0,0.32729852199554443,2026-07-14 17:00:33
64245,1784048433.137777294,2026-07-14T17:00:33.315+0000,86601,Suricata: Alert - ET DROP Spamhaus DROP Listed Traffic Inbound group 33,0,0.32729852199554443,2026-07-14 17:00:33
64244,1784048433.137775186,2026-07-14T17:00:33.291+0000,86601,Suricata: Alert - ET DROP Spamhaus DROP Listed Traffic Inbound group 4,0,0.32729852199554443,2026-07-14 17:00:33
64243,1784048433.137773079,2026-07-14T17:00:33.255+0000,86601,Suricata: Alert - ET DROP Spamhaus DROP Listed Traffic Inbound group 56,0,0.32729852199554443,2026-07-14 17:00:33
64242,1784048433.137770978,2026-07-14T17:00:33.243+0000,86601,Suricata: Alert - ET DROP Spamhaus DROP Listed Traffic Inbound group 29,0,0.32729852199554443,2026-07-14 17:00:33
64241,1784048431.137742054,2026-07-14T17:00:31.944+0000,86601,Suricata: Alert - ET DROP Spamhaus DROP Listed Traffic Inbound group 4,0,0.32729852199554443,2026-07-14 17:00:33
64240,1784048431.137739952,2026-07-14T17:00:31.151+0000,86601,Suricata: Alert - ET DROP Spamhaus DROP Listed Traffic Inbound group 3,0,0.32729852199554443,2026-07-14 17:00:32
64239,1784048429.137738409,2026-07-14T17:00:29.875+0000,86601,Suricata: Alert - SURICATA STREAM SHUTDOWN RST invalid ack,0,0.32729852199554443,2026-07-14 17:00:31
64238,1784048429.137736308,2026-07-14T17:00:29.626+0000,86601,Suricata: Alert - ET DROP Spamhaus DROP Listed Traffic Inbound group 30,0,0.32729852199554443,2026-07-14 17:00:31
64237,1784048429.137734210,2026-07-14T17:00:29.313+0000,86601,Suricata: Alert - ET DROP Spamhaus DROP Listed Traffic Inbound group 4,0,0.32729852199554443,2026-07-14 17:00:30
64236,1784048424.137732099,2026-07-14T17:00:24.674+0000,86601,Suricata: Alert - ET DROP Spamhaus DROP Listed Traffic Inbound group 33,0,0.32729852199554443,2026-07-14 17:00:26
64235,1784048418.137729995,2026-07-14T17:00:18.379+0000,86601,Suricata: Alert - ET DROP Spamhaus DROP Listed Traffic Inbound group 4,0,0.32729852199554443,2026-07-14 17:00:19
64234,1784048412.137726928,2026-07-14T17:00:12.973+0000,86601,Suricata: Alert - ET DROP Spamhaus DROP Listed Traffic Inbound group 24,0,0.32729852199554443,2026-07-14 17:00:14
64233,1784048412.137724822,2026-07-14T17:00:12.725+0000,86601,Suricata: Alert - ET DROP Spamhaus DROP Listed Traffic Inbound group 4,0,0.32729852199554443,2026-07-14 17:00:14
64232,1784048412.137722717,2026-07-14T17:00:12.677+0000,86601,Suricata: Alert - ET DROP Spamhaus DROP Listed Traffic Inbound group 67,0,0.32729852199554443,2026-07-14 17:00:14
64231,1784048404.137720606,2026-07-14T17:00:04.751+0000,86601,Suricata: Alert - ET DROP Spamhaus DROP Listed Traffic Inbound group 30,0,0.32729852199554443,2026-07-14 17:00:06
64230,1784048404.137718503,2026-07-14T17:00:04.751+0000,86601,Suricata: Alert - ET DROP Spamhaus DROP Listed Traffic Inbound group 32,0,0.32729852199554443,2026-07-14 17:00:05
64229,1784048404.137716396,2026-07-14T17:00:04.751+0000,86601,Suricata: Alert - ET DROP Spamhaus DROP Listed Traffic Inbound group 23,0,0.32729852199554443,2026-07-14 17:00:05
64228,1784048404.137714289,2026-07-14T17:00:04.750+0000,86601,Suricata: Alert - ET DROP Spamhaus DROP Listed Traffic Inbound group 33,0,0.32729852199554443,2026-07-14 17:00:05
64227,1784048404.137712182,2026-07-14T17:00:04.750+0000,86601,Suricata: Alert - ET DROP Spamhaus DROP Listed Traffic Inbound group 31,0,0.32729852199554443,2026-07-14 17:00:05
64226,1784048404.137710071,2026-07-14T17:00:04.750+0000,86601,Suricata: Alert - ET DROP Spamhaus DROP Listed Traffic Inbound group 31,0,0.32729852199554443,2026-07-14 17:00:05
64225,1784048404.137707964,2026-07-14T17:00:04.749+0000,86601,Suricata: Alert - ET DROP Spamhaus DROP Listed Traffic Inbound group 32,0,0.32729852199554443,2026-07-14 17:00:05
64224,1784048403.137706425,2026-07-14T17:00:03.528+0000,86601,Suricata: Alert - ET SCAN NMAP TCP connect -sT,0,0.32729852199554443,2026-07-14 17:00:04
64223,1784048399.137703829,2026-07-14T16:59:59.355+0000,86601,Suricata: Alert - ET DROP Spamhaus DROP Listed Traffic Inbound group 67,0,0.32729852199554443,2026-07-14 17:00:00
64222,1784048398.137701714,2026-07-14T16:59:58.705+0000,86601,Suricata: Alert - ET DROP Spamhaus DROP Listed Traffic Inbound group 27,0,0.32729852199554443,2026-07-14 16:59:59
64221,1784048394.137699609,2026-07-14T16:59:54.704+0000,86601,Suricata: Alert - ET DROP Spamhaus DROP Listed Traffic Inbound group 27,0,0.32729852199554443,2026-07-14 16:59:55
64220,1784048393.137697496,2026-07-14T16:59:53.892+0000,86601,Suricata: Alert - ET DROP Spamhaus DROP Listed Traffic Inbound group 32,0,0.32729852199554443,2026-07-14 16:59:54
64219,1784048392.137695391,2026-07-14T16:59:52.872+0000,86601,Suricata: Alert - ET DROP Spamhaus DROP Listed Traffic Inbound group 29,0,0.32729852199554443,2026-07-14 16:59:53
64218,1784048392.137693278,2026-07-14T16:59:52.863+0000,86601,Suricata: Alert - ET DROP Spamhaus DROP Listed Traffic Inbound group 32,0,0.32729852199554443,2026-07-14 16:59:53
64217,1784048379.137690682,2026-07-14T16:59:39.564+0000,86601,Suricata: Alert - ET DROP Spamhaus DROP Listed Traffic Inbound group 35,0,0.32729852199554443,2026-07-14 16:59:40
64216,1784048379.137688575,2026-07-14T16:59:39.486+0000,86601,Suricata: Alert - ET DROP Spamhaus DROP Listed Traffic Inbound group 67,0,0.32729852199554443,2026-07-14 16:59:40
64215,1784048379.137686467,2026-07-14T16:59:39.364+0000,86601,Suricata: Alert - ET DROP Spamhaus DROP Listed Traffic Inbound group 7,0,0.32729852199554443,2026-07-14 16:59:40
64214,1784048379.137684352,2026-07-14T16:59:39.360+0000,86601,Suricata: Alert - ET DROP Spamhaus DROP Listed Traffic Inbound group 33,0,0.32729852199554443,2026-07-14 16:59:40
64213,1784048379.137682244,2026-07-14T16:59:39.305+0000,86601,Suricata: Alert - ET DROP Spamhaus DROP Listed Traffic Inbound group 2,0,0.32729852199554443,2026-07-14 16:59:40
64212,1784048379.137680146,2026-07-14T16:59:39.305+0000,86601,Suricata: Alert - ET DROP Spamhaus DROP Listed Traffic Inbound group 4,0,0.32729852199554443,2026-07-14 16:59:40
64211,1784048379.137678041,2026-07-14T16:59:39.305+0000,86601,Suricata: Alert - ET DROP Spamhaus DROP Listed Traffic Inbound group 67,0,0.32729852199554443,2026-07-14 16:59:40
64210,1784048379.137675936,2026-07-14T16:59:39.305+0000,86601,Suricata: Alert - ET DROP Spamhaus DROP Listed Traffic Inbound group 30,0,0.32729852199554443,2026-07-14 16:59:40
64209,1784048379.137673823,2026-07-14T16:59:39.305+0000,86601,Suricata: Alert - ET DROP Spamhaus DROP Listed Traffic Inbound group 35,0,0.32729852199554443,2026-07-14 16:59:40
64208,1784048375.137671719,2026-07-14T16:59:35.486+0000,86601,Suricata: Alert - ET DROP Spamhaus DROP Listed Traffic Inbound group 4,0,0.32729852199554443,2026-07-14 16:59:37
64207,1784048367.137669610,2026-07-14T16:59:27.657+0000,86601,Suricata: Alert - ET DROP Spamhaus DROP Listed Traffic Inbound group 28,0,0.32729852199554443,2026-07-14 16:59:29
64206,1784048367.137667505,2026-07-14T16:59:27.370+0000,86601,Suricata: Alert - ET DROP Spamhaus DROP Listed Traffic Inbound group 27,0,0.32729852199554443,2026-07-14 16:59:28
64205,1784048361.137664744,2026-07-14T16:59:21.558+0000,86601,Suricata: Alert - ET DROP Spamhaus DROP Listed Traffic Inbound group 4,0,0.32729852199554443,2026-07-14 16:59:22
64204,1784048349.137661874,2026-07-14T16:59:09.289+0000,86601,Suricata: Alert - ET DROP Spamhaus DROP Listed Traffic Inbound group 4,0,0.32729852199554443,2026-07-14 16:59:10
64203,1784048344.137659276,2026-07-14T16:59:04.107+0000,86601,Suricata: Alert - ET DROP Spamhaus DROP Listed Traffic Inbound group 4,0,0.32729852199554443,2026-07-14 16:59:05
64202,1784048344.137657167,2026-07-14T16:59:04.007+0000,86601,Suricata: Alert - ET DROP Spamhaus DROP Listed Traffic Inbound group 30,0,0.32729852199554443,2026-07-14 16:59:04
64201,1784048343.137655066,2026-07-14T16:59:03.999+0000,86601,Suricata: Alert - ET DROP Spamhaus DROP Listed Traffic Inbound group 67,0,0.32729852199554443,2026-07-14 16:59:04
64200,1784048343.137652957,2026-07-14T16:59:03.996+0000,86601,Suricata: Alert - ET DROP Spamhaus DROP Listed Traffic Inbound group 32,0,0.32729852199554443,2026-07-14 16:59:04
64199,1784048343.137650852,2026-07-14T16:59:03.858+0000,86601,Suricata: Alert - ET DROP Spamhaus DROP Listed Traffic Inbound group 67,0,0.32729852199554443,2026-07-14 16:59:04
64198,1784048343.137648747,2026-07-14T16:59:03.790+0000,86601,Suricata: Alert - ET DROP Spamhaus DROP Listed Traffic Inbound group 55,0,0.32729852199554443,2026-07-14 16:59:04
64197,1784048343.137646653,2026-07-14T16:59:03.783+0000,86601,Suricata: Alert - ET DROP Spamhaus DROP Listed Traffic Inbound group 4,0,0.32729852199554443,2026-07-14 16:59:04
64196,1784048343.137644552,2026-07-14T16:59:03.692+0000,86601,Suricata: Alert - ET DROP Spamhaus DROP Listed Traffic Inbound group 32,0,0.32729852199554443,2026-07-14 16:59:04
64195,1784048343.137642439,2026-07-14T16:59:03.679+0000,86601,Suricata: Alert - ET DROP Spamhaus DROP Listed Traffic Inbound group 31,0,0.32729852199554443,2026-07-14 16:59:04
64194,1784048343.137640330,2026-07-14T16:59:03.615+0000,86601,Suricata: Alert - ET DROP Spamhaus DROP Listed Traffic Inbound group 35,0,0.32729852199554443,2026-07-14 16:59:04
64193,1784048343.137638225,2026-07-14T16:59:03.598+0000,86601,Suricata: Alert - ET DROP Spamhaus DROP Listed Traffic Inbound group 27,0,0.32729852199554443,2026-07-14 16:59:04
64192,1784048343.137636117,2026-07-14T16:59:03.589+0000,86601,Suricata: Alert - ET DROP Spamhaus DROP Listed Traffic Inbound group 4,0,0.32729852199554443,2026-07-14 16:59:04
64191,1784048343.137634006,2026-07-14T16:59:03.587+0000,86601,Suricata: Alert - ET DROP Spamhaus DROP Listed Traffic Inbound group 32,0,0.32729852199554443,2026-07-14 16:59:04
64190,1784048343.137631899,2026-07-14T16:59:03.585+0000,86601,Suricata: Alert - ET DROP Spamhaus DROP Listed Traffic Inbound group 27,0,0.32729852199554443,2026-07-14 16:59:04
64189,1784048343.137629784,2026-07-14T16:59:03.515+0000,86601,Suricata: Alert - ET DROP Spamhaus DROP Listed Traffic Inbound group 32,0,0.32729852199554443,2026-07-14 16:59:04
64188,1784048343.137627680,2026-07-14T16:59:03.491+0000,86601,Suricata: Alert - ET DROP Spamhaus DROP Listed Traffic Inbound group 8,0,0.32729852199554443,2026-07-14 16:59:04
64187,1784048343.137625576,2026-07-14T16:59:03.481+0000,86601,Suricata: Alert - ET DROP Spamhaus DROP Listed Traffic Inbound group 4,0,0.32729852199554443,2026-07-14 16:59:04
64186,1784048343.137623472,2026-07-14T16:59:03.430+0000,86601,Suricata: Alert - ET DROP Spamhaus DROP Listed Traffic Inbound group 4,0,0.32729852199554443,2026-07-14 16:59:04
64185,1784048343.137621376,2026-07-14T16:59:03.315+0000,86601,Suricata: Alert - ET DROP Spamhaus DROP Listed Traffic Inbound group 4,0,0.32729852199554443,2026-07-14 16:59:04
64184,1784048342.137619261,2026-07-14T16:59:02.557+0000,86601,Suricata: Alert - ET DROP Spamhaus DROP Listed Traffic Inbound group 32,0,0.32729852199554443,2026-07-14 16:59:03
64183,1784048342.137617154,2026-07-14T16:59:02.554+0000,86601,Suricata: Alert - ET DROP Spamhaus DROP Listed Traffic Inbound group 32,0,0.32729852199554443,2026-07-14 16:59:03
64182,1784048342.137615046,2026-07-14T16:59:02.420+0000,86601,Suricata: Alert - ET DROP Spamhaus DROP Listed Traffic Inbound group 6,0,0.32729852199554443,2026-07-14 16:59:03
64181,1784048342.137612942,2026-07-14T16:59:02.316+0000,86601,Suricata: Alert - ET DROP Spamhaus DROP Listed Traffic Inbound group 4,0,0.32729852199554443,2026-07-14 16:59:03
64180,1784048340.137610829,2026-07-14T16:59:00.145+0000,86601,Suricata: Alert - ET DROP Spamhaus DROP Listed Traffic Inbound group 32,0,0.32729852199554443,2026-07-14 16:59:01
64179,1784048338.137608727,2026-07-14T16:58:58.863+0000,86601,Suricata: Alert - ET DROP Spamhaus DROP Listed Traffic Inbound group 4,0,0.32729852199554443,2026-07-14 16:58:59
64178,1784048338.137606622,2026-07-14T16:58:58.620+0000,86601,Suricata: Alert - ET DROP Spamhaus DROP Listed Traffic Inbound group 28,0,0.32729852199554443,2026-07-14 16:58:59
64177,1784048328.137604515,2026-07-14T16:58:48.621+0000,86601,Suricata: Alert - ET DROP Spamhaus DROP Listed Traffic Inbound group 30,0,0.32729852199554443,2026-07-14 16:58:49
64176,1784048326.137602412,2026-07-14T16:58:46.529+0000,86601,Suricata: Alert - ET DROP Spamhaus DROP Listed Traffic Inbound group 29,0,0.32729852199554443,2026-07-14 16:58:47
64175,1784048324.137600297,2026-07-14T16:58:44.220+0000,86601,Suricata: Alert - ET DROP Spamhaus DROP Listed Traffic Inbound group 33,0,0.32729852199554443,2026-07-14 16:58:45
64174,1784048319.137598189,2026-07-14T16:58:39.089+0000,86601,Suricata: Alert - ET DROP Spamhaus DROP Listed Traffic Inbound group 6,0,0.32729852199554443,2026-07-14 16:58:40
64173,1784048317.137596084,2026-07-14T16:58:37.657+0000,86601,Suricata: Alert - ET DROP Spamhaus DROP Listed Traffic Inbound group 29,0,0.32729852199554443,2026-07-14 16:58:39
64172,1784048317.137593983,2026-07-14T16:58:37.639+0000,86601,Suricata: Alert - ET DROP Spamhaus DROP Listed Traffic Inbound group 29,0,0.32729852199554443,2026-07-14 16:58:39
64171,1784048317.137589766,2026-07-14T16:58:37.415+0000,86601,Suricata: Alert - ET DROP Spamhaus DROP Listed Traffic Inbound group 4,0,0.32729852199554443,2026-07-14 16:58:38
64170,1784048317.137587659,2026-07-14T16:58:37.284+0000,86601,Suricata: Alert - ET DROP Spamhaus DROP Listed Traffic Inbound group 32,0,0.32729852199554443,2026-07-14 16:58:38
64169,1784048317.137585557,2026-07-14T16:58:37.251+0000,86601,Suricata: Alert - ET DROP Spamhaus DROP Listed Traffic Inbound group 4,0,0.32729852199554443,2026-07-14 16:58:38
64168,1784048317.137583448,2026-07-14T16:58:37.221+0000,86601,Suricata: Alert - ET DROP Spamhaus DROP Listed Traffic Inbound group 67,0,0.32729852199554443,2026-07-14 16:58:38
64167,1784048317.137581346,2026-07-14T16:58:37.215+0000,86601,Suricata: Alert - ET DROP Spamhaus DROP Listed Traffic Inbound group 4,0,0.32729852199554443,2026-07-14 16:58:37
64166,1784048317.137579237,2026-07-14T16:58:37.208+0000,86601,Suricata: Alert - ET DROP Spamhaus DROP Listed Traffic Inbound group 32,0,0.32729852199554443,2026-07-14 16:58:37
64165,1784048317.137577132,2026-07-14T16:58:37.192+0000,86601,Suricata: Alert - ET DROP Spamhaus DROP Listed Traffic Inbound group 45,0,0.32729852199554443,2026-07-14 16:58:37
64164,1784048317.137575034,2026-07-14T16:58:37.185+0000,86601,Suricata: Alert - ET DROP Spamhaus DROP Listed Traffic Inbound group 4,0,0.32729852199554443,2026-07-14 16:58:37
64163,1784048317.137572936,2026-07-14T16:58:37.099+0000,86601,Suricata: Alert - ET DROP Spamhaus DROP Listed Traffic Inbound group 4,0,0.32729852199554443,2026-07-14 16:58:37
64162,1784048317.137570837,2026-07-14T16:58:37.059+0000,86601,Suricata: Alert - ET DROP Spamhaus DROP Listed Traffic Inbound group 58,0,0.32729852199554443,2026-07-14 16:58:37
64161,1784048317.137568738,2026-07-14T16:58:37.058+0000,86601,Suricata: Alert - ET DROP Spamhaus DROP Listed Traffic Inbound group 30,0,0.32729852199554443,2026-07-14 16:58:37
64160,1784048317.137566638,2026-07-14T16:58:37.055+0000,86601,Suricata: Alert - ET DROP Spamhaus DROP Listed Traffic Inbound group 4,0,0.32729852199554443,2026-07-14 16:58:37
64159,1784048317.137564541,2026-07-14T16:58:37.026+0000,86601,Suricata: Alert - ET DROP Spamhaus DROP Listed Traffic Inbound group 33,0,0.32729852199554443,2026-07-14 16:58:37
64158,1784048317.137562440,2026-07-14T16:58:37.017+0000,86601,Suricata: Alert - ET DROP Spamhaus DROP Listed Traffic Inbound group 29,0,0.32729852199554443,2026-07-14 16:58:37
64157,1784048317.137560335,2026-07-14T16:58:37.013+0000,86601,Suricata: Alert - ET DROP Spamhaus DROP Listed Traffic Inbound group 30,0,0.32729852199554443,2026-07-14 16:58:37
64156,1784048317.137558238,2026-07-14T16:58:37.002+0000,86601,Suricata: Alert - ET DROP Spamhaus DROP Listed Traffic Inbound group 24,0,0.32729852199554443,2026-07-14 16:58:37
64155,1784048317.137556133,2026-07-14T16:58:37.002+0000,86601,Suricata: Alert - ET DROP Spamhaus DROP Listed Traffic Inbound group 29,0,0.32729852199554443,2026-07-14 16:58:37
64154,1784048316.137554024,2026-07-14T16:58:36.997+0000,86601,Suricata: Alert - ET DROP Spamhaus DROP Listed Traffic Inbound group 35,0,0.32729852199554443,2026-07-14 16:58:37
64153,1784048316.137551919,2026-07-14T16:58:36.978+0000,86601,Suricata: Alert - ET DROP Spamhaus DROP Listed Traffic Inbound group 33,0,0.32729852199554443,2026-07-14 16:58:37
64152,1784048316.137549817,2026-07-14T16:58:36.519+0000,86601,Suricata: Alert - ET DROP Spamhaus DROP Listed Traffic Inbound group 4,0,0.32729852199554443,2026-07-14 16:58:37
64151,1784048314.137547711,2026-07-14T16:58:34.961+0000,86601,Suricata: Alert - ET DROP Spamhaus DROP Listed Traffic Inbound group 4,0,0.32729852199554443,2026-07-14 16:58:35
64150,1784048314.137545602,2026-07-14T16:58:34.197+0000,86601,Suricata: Alert - ET DROP Spamhaus DROP Listed Traffic Inbound group 27,0,0.32729852199554443,2026-07-14 16:58:35
64149,1784048308.137543491,2026-07-14T16:58:28.639+0000,86601,Suricata: Alert - ET DROP Spamhaus DROP Listed Traffic Inbound group 30,0,0.32729852199554443,2026-07-14 16:58:29
64148,1784048308.137541380,2026-07-14T16:58:28.564+0000,86601,Suricata: Alert - ET DROP Spamhaus DROP Listed Traffic Inbound group 67,0,0.32729852199554443,2026-07-14 16:58:29
64147,1784048305.137539269,2026-07-14T16:58:25.275+0000,86601,Suricata: Alert - ET DROP Spamhaus DROP Listed Traffic Inbound group 24,0,0.32729852199554443,2026-07-14 16:58:26
64146,1784048304.137537154,2026-07-14T16:58:24.485+0000,86601,Suricata: Alert - ET DROP Spamhaus DROP Listed Traffic Inbound group 24,0,0.32729852199554443,2026-07-14 16:58:25
64145,1784048303.137535046,2026-07-14T16:58:23.797+0000,86601,Suricata: Alert - ET DROP Spamhaus DROP Listed Traffic Inbound group 4,0,0.32729852199554443,2026-07-14 16:58:24
64144,1784048295.137533507,2026-07-14T16:58:15.258+0000,86601,Suricata: Alert - ET SCAN NMAP TCP connect -sT,0,0.32729852199554443,2026-07-14 16:58:16
64143,1784048293.137531400,2026-07-14T16:58:13.934+0000,86601,Suricata: Alert - ET DROP Spamhaus DROP Listed Traffic Inbound group 32,0,0.32729852199554443,2026-07-14 16:58:14
64142,1784048290.137529287,2026-07-14T16:58:10.626+0000,86601,Suricata: Alert - ET DROP Spamhaus DROP Listed Traffic Inbound group 27,0,0.32729852199554443,2026-07-14 16:58:11
64141,1784048287.137527178,2026-07-14T16:58:07.826+0000,86601,Suricata: Alert - ET DROP Spamhaus DROP Listed Traffic Inbound group 27,0,0.32729852199554443,2026-07-14 16:58:08
64140,1784048287.137525067,2026-07-14T16:58:07.784+0000,86601,Suricata: Alert - ET DROP Spamhaus DROP Listed Traffic Inbound group 55,0,0.32729852199554443,2026-07-14 16:58:08
64139,1784048287.137522948,2026-07-14T16:58:07.769+0000,86601,Suricata: Alert - ET DROP Spamhaus DROP Listed Traffic Inbound group 32,0,0.32729852199554443,2026-07-14 16:58:08
64138,1784048287.137520833,2026-07-14T16:58:07.734+0000,86601,Suricata: Alert - ET DROP Spamhaus DROP Listed Traffic Inbound group 37,0,0.32729852199554443,2026-07-14 16:58:08
64137,1784048287.137518722,2026-07-14T16:58:07.715+0000,86601,Suricata: Alert - ET DROP Spamhaus DROP Listed Traffic Inbound group 25,0,0.32729852199554443,2026-07-14 16:58:08
64136,1784048286.137516613,2026-07-14T16:58:06.257+0000,86601,Suricata: Alert - ET DROP Spamhaus DROP Listed Traffic Inbound group 32,0,0.32729852199554443,2026-07-14 16:58:07
64135,1784048286.137514507,2026-07-14T16:58:06.233+0000,86601,Suricata: Alert - ET DROP Spamhaus DROP Listed Traffic Inbound group 4,0,0.32729852199554443,2026-07-14 16:58:07
64134,1784048286.137512409,2026-07-14T16:58:06.233+0000,86601,Suricata: Alert - ET DROP Spamhaus DROP Listed Traffic Inbound group 4,0,0.32729852199554443,2026-07-14 16:58:07
64133,1784048280.137510298,2026-07-14T16:58:00.757+0000,86601,Suricata: Alert - ET DROP Spamhaus DROP Listed Traffic Inbound group 33,0,0.32729852199554443,2026-07-14 16:58:01
64132,1784048278.137508206,2026-07-14T16:57:58.671+0000,86601,Suricata: Alert - ET DROP Spamhaus DROP Listed Traffic Inbound group 4,0,0.32729852199554443,2026-07-14 16:57:59
64131,1784048277.137506103,2026-07-14T16:57:57.911+0000,86601,Suricata: Alert - ET DROP Spamhaus DROP Listed Traffic Inbound group 30,0,0.32729852199554443,2026-07-14 16:57:58
64130,1784048275.137503988,2026-07-14T16:57:55.848+0000,86601,Suricata: Alert - ET DROP Spamhaus DROP Listed Traffic Inbound group 59,0,0.32729852199554443,2026-07-14 16:57:56
64129,1784048275.137501877,2026-07-14T16:57:55.390+0000,86601,Suricata: Alert - ET DROP Spamhaus DROP Listed Traffic Inbound group 28,0,0.32729852199554443,2026-07-14 16:57:56
64128,1784048269.137499775,2026-07-14T16:57:49.103+0000,86601,Suricata: Alert - ET DROP Spamhaus DROP Listed Traffic Inbound group 4,0,0.32729852199554443,2026-07-14 16:57:50
64127,1784048265.137497669,2026-07-14T16:57:45.221+0000,86601,Suricata: Alert - ET DROP Spamhaus DROP Listed Traffic Inbound group 7,0,0.32729852199554443,2026-07-14 16:57:46
64126,1784048263.137495573,2026-07-14T16:57:43.319+0000,86601,Suricata: Alert - ET DROP Spamhaus DROP Listed Traffic Inbound group 4,0,0.32729852199554443,2026-07-14 16:57:44
64125,1784048256.137493469,2026-07-14T16:57:36.462+0000,86601,Suricata: Alert - ET DROP Spamhaus DROP Listed Traffic Inbound group 4,0,0.32729852199554443,2026-07-14 16:57:38
64124,1784048255.137491362,2026-07-14T16:57:35.532+0000,86601,Suricata: Alert - ET DROP Spamhaus DROP Listed Traffic Inbound group 45,0,0.32729852199554443,2026-07-14 16:57:36
64123,1784048251.137487136,2026-07-14T16:57:31.359+0000,86601,Suricata: Alert - ET DROP Spamhaus DROP Listed Traffic Inbound group 27,0,0.32729852199554443,2026-07-14 16:57:31
64122,1784048251.137485032,2026-07-14T16:57:31.354+0000,86601,Suricata: Alert - ET DROP Spamhaus DROP Listed Traffic Inbound group 4,0,0.32729852199554443,2026-07-14 16:57:31
64121,1784048251.137482926,2026-07-14T16:57:31.352+0000,86601,Suricata: Alert - ET DROP Spamhaus DROP Listed Traffic Inbound group 2,0,0.32729852199554443,2026-07-14 16:57:31
64120,1784048251.137480817,2026-07-14T16:57:31.345+0000,86601,Suricata: Alert - ET DROP Spamhaus DROP Listed Traffic Inbound group 33,0,0.32729852199554443,2026-07-14 16:57:31
64119,1784048251.137478719,2026-07-14T16:57:31.339+0000,86601,Suricata: Alert - ET DROP Spamhaus DROP Listed Traffic Inbound group 4,0,0.32729852199554443,2026-07-14 16:57:31
64118,1784048251.137476614,2026-07-14T16:57:31.324+0000,86601,Suricata: Alert - ET DROP Spamhaus DROP Listed Traffic Inbound group 26,0,0.32729852199554443,2026-07-14 16:57:31
64117,1784048251.137474520,2026-07-14T16:57:31.306+0000,86601,Suricata: Alert - ET DROP Spamhaus DROP Listed Traffic Inbound group 4,0,0.32729852199554443,2026-07-14 16:57:31
64116,1784048251.137472415,2026-07-14T16:57:31.306+0000,86601,Suricata: Alert - ET DROP Spamhaus DROP Listed Traffic Inbound group 30,0,0.32729852199554443,2026-07-14 16:57:31
64115,1784048251.137470313,2026-07-14T16:57:31.279+0000,86601,Suricata: Alert - ET DROP Spamhaus DROP Listed Traffic Inbound group 4,0,0.32729852199554443,2026-07-14 16:57:31
64114,1784048251.137468207,2026-07-14T16:57:31.255+0000,86601,Suricata: Alert - ET DROP Spamhaus DROP Listed Traffic Inbound group 9,0,0.32729852199554443,2026-07-14 16:57:31
64113,1784048251.137466107,2026-07-14T16:57:31.230+0000,86601,Suricata: Alert - ET DROP Spamhaus DROP Listed Traffic Inbound group 4,0,0.32729852199554443,2026-07-14 16:57:31
64112,1784048251.137463998,2026-07-14T16:57:31.222+0000,86601,Suricata: Alert - ET DROP Spamhaus DROP Listed Traffic Inbound group 24,0,0.32729852199554443,2026-07-14 16:57:31
64111,1784048251.137461890,2026-07-14T16:57:31.188+0000,86601,Suricata: Alert - ET DROP Spamhaus DROP Listed Traffic Inbound group 4,0,0.32729852199554443,2026-07-14 16:57:31
64110,1784048251.137459741,2026-07-14T16:57:31.170+0000,86601,Suricata: Alert - ET CINS Active Threat Intelligence Poor Reputation IP group 190,0,0.32729852199554443,2026-07-14 16:57:31
64109,1784048251.137457630,2026-07-14T16:57:31.168+0000,86601,Suricata: Alert - ET DROP Spamhaus DROP Listed Traffic Inbound group 35,0,0.32729852199554443,2026-07-14 16:57:31
64108,1784048249.137455523,2026-07-14T16:57:29.892+0000,86601,Suricata: Alert - ET DROP Spamhaus DROP Listed Traffic Inbound group 27,0,0.32729852199554443,2026-07-14 16:57:30
64107,1784048233.137453420,2026-07-14T16:57:13.440+0000,86601,Suricata: Alert - ET DROP Spamhaus DROP Listed Traffic Inbound group 27,0,0.32729852199554443,2026-07-14 16:57:14
64106,1784048228.137451313,2026-07-14T16:57:08.531+0000,86601,Suricata: Alert - ET DROP Spamhaus DROP Listed Traffic Inbound group 30,0,0.32729852199554443,2026-07-14 16:57:09
64105,1784048227.137449214,2026-07-14T16:57:07.417+0000,86601,Suricata: Alert - ET DROP Spamhaus DROP Listed Traffic Inbound group 35,0,0.32729852199554443,2026-07-14 16:57:08
64104,1784048224.137447115,2026-07-14T16:57:04.996+0000,86601,Suricata: Alert - ET DROP Spamhaus DROP Listed Traffic Inbound group 30,0,0.32729852199554443,2026-07-14 16:57:06
64103,1784048223.137445012,2026-07-14T16:57:03.032+0000,86601,Suricata: Alert - ET DROP Spamhaus DROP Listed Traffic Inbound group 29,0,0.32729852199554443,2026-07-14 16:57:04
64102,1784048219.137442901,2026-07-14T16:56:59.881+0000,86601,Suricata: Alert - ET DROP Spamhaus DROP Listed Traffic Inbound group 34,0,0.32729852199554443,2026-07-14 16:57:00
64101,1784048219.137440798,2026-07-14T16:56:59.840+0000,86601,Suricata: Alert - ET DROP Spamhaus DROP Listed Traffic Inbound group 32,0,0.32729852199554443,2026-07-14 16:57:00
64100,1784048219.137438691,2026-07-14T16:56:59.785+0000,86601,Suricata: Alert - ET DROP Spamhaus DROP Listed Traffic Inbound group 24,0,0.32729852199554443,2026-07-14 16:57:00
64099,1784048219.137436582,2026-07-14T16:56:59.777+0000,86601,Suricata: Alert - ET DROP Spamhaus DROP Listed Traffic Inbound group 30,0,0.32729852199554443,2026-07-14 16:57:00
64098,1784048219.137434467,2026-07-14T16:56:59.629+0000,86601,Suricata: Alert - ET DROP Spamhaus DROP Listed Traffic Inbound group 35,0,0.32729852199554443,2026-07-14 16:57:00
64097,1784048216.137432362,2026-07-14T16:56:56.471+0000,86601,Suricata: Alert - ET DROP Spamhaus DROP Listed Traffic Inbound group 35,0,0.32729852199554443,2026-07-14 16:56:57
64096,1784048215.137430253,2026-07-14T16:56:55.674+0000,86601,Suricata: Alert - ET DROP Spamhaus DROP Listed Traffic Inbound group 44,0,0.32729852199554443,2026-07-14 16:56:56
64095,1784048210.137428142,2026-07-14T16:56:50.059+0000,86601,Suricata: Alert - ET DROP Spamhaus DROP Listed Traffic Inbound group 38,0,0.32729852199554443,2026-07-14 16:56:51
64094,1784048208.137426027,2026-07-14T16:56:48.754+0000,86601,Suricata: Alert - ET DROP Spamhaus DROP Listed Traffic Inbound group 35,0,0.32729852199554443,2026-07-14 16:56:49
64093,1784048204.137423912,2026-07-14T16:56:44.180+0000,86601,Suricata: Alert - ET DROP Spamhaus DROP Listed Traffic Inbound group 35,0,0.32729852199554443,2026-07-14 16:56:45
64092,1784048193.137421811,2026-07-14T16:56:33.824+0000,86601,Suricata: Alert - ET DROP Spamhaus DROP Listed Traffic Inbound group 30,0,0.32729852199554443,2026-07-14 16:56:34
64091,1784048193.137419718,2026-07-14T16:56:33.803+0000,86601,Suricata: Alert - ET DROP Spamhaus DROP Listed Traffic Inbound group 45,0,0.32729852199554443,2026-07-14 16:56:34
64090,1784048193.137417628,2026-07-14T16:56:33.802+0000,86601,Suricata: Alert - ET DROP Spamhaus DROP Listed Traffic Inbound group 4,0,0.32729852199554443,2026-07-14 16:56:33
64089,1784048193.137415527,2026-07-14T16:56:33.792+0000,86601,Suricata: Alert - ET DROP Spamhaus DROP Listed Traffic Inbound group 33,0,0.32729852199554443,2026-07-14 16:56:33
64088,1784048193.137413418,2026-07-14T16:56:33.779+0000,86601,Suricata: Alert - ET DROP Spamhaus DROP Listed Traffic Inbound group 27,0,0.32729852199554443,2026-07-14 16:56:33
64087,1784048193.137411309,2026-07-14T16:56:33.778+0000,86601,Suricata: Alert - ET DROP Spamhaus DROP Listed Traffic Inbound group 30,0,0.32729852199554443,2026-07-14 16:56:33
64086,1784048193.137409200,2026-07-14T16:56:33.764+0000,86601,Suricata: Alert - ET DROP Spamhaus DROP Listed Traffic Inbound group 35,0,0.32729852199554443,2026-07-14 16:56:33
64085,1784048193.137407098,2026-07-14T16:56:33.762+0000,86601,Suricata: Alert - ET DROP Spamhaus DROP Listed Traffic Inbound group 4,0,0.32729852199554443,2026-07-14 16:56:33
64084,1784048193.137404989,2026-07-14T16:56:33.757+0000,86601,Suricata: Alert - ET DROP Spamhaus DROP Listed Traffic Inbound group 33,0,0.32729852199554443,2026-07-14 16:56:33
64083,1784048193.137402882,2026-07-14T16:56:33.749+0000,86601,Suricata: Alert - ET DROP Spamhaus DROP Listed Traffic Inbound group 32,0,0.32729852199554443,2026-07-14 16:56:33
64082,1784048193.137400773,2026-07-14T16:56:33.678+0000,86601,Suricata: Alert - ET DROP Spamhaus DROP Listed Traffic Inbound group 29,0,0.32729852199554443,2026-07-14 16:56:33
64081,1784048193.137398671,2026-07-14T16:56:33.674+0000,86601,Suricata: Alert - ET DROP Spamhaus DROP Listed Traffic Inbound group 4,0,0.32729852199554443,2026-07-14 16:56:33
64080,1784048193.137396558,2026-07-14T16:56:33.458+0000,86601,Suricata: Alert - ET DROP Spamhaus DROP Listed Traffic Inbound group 31,0,0.32729852199554443,2026-07-14 16:56:33
64079,1784048193.137394445,2026-07-14T16:56:33.426+0000,86601,Suricata: Alert - ET DROP Spamhaus DROP Listed Traffic Inbound group 32,0,0.32729852199554443,2026-07-14 16:56:33
64078,1784048193.137392340,2026-07-14T16:56:33.413+0000,86601,Suricata: Alert - ET DROP Spamhaus DROP Listed Traffic Inbound group 33,0,0.32729852199554443,2026-07-14 16:56:33
64077,1784048193.137390229,2026-07-14T16:56:33.401+0000,86601,Suricata: Alert - ET DROP Spamhaus DROP Listed Traffic Inbound group 24,0,0.32729852199554443,2026-07-14 16:56:33
64076,1784048193.137388124,2026-07-14T16:56:33.401+0000,86601,Suricata: Alert - ET DROP Spamhaus DROP Listed Traffic Inbound group 30,0,0.32729852199554443,2026-07-14 16:56:33
64075,1784048193.137386018,2026-07-14T16:56:33.401+0000,86601,Suricata: Alert - ET DROP Spamhaus DROP Listed Traffic Inbound group 4,0,0.32729852199554443,2026-07-14 16:56:33
64074,1784048193.137383909,2026-07-14T16:56:33.401+0000,86601,Suricata: Alert - ET DROP Spamhaus DROP Listed Traffic Inbound group 32,0,0.32729852199554443,2026-07-14 16:56:33
64073,1784048193.137381803,2026-07-14T16:56:33.400+0000,86601,Suricata: Alert - ET DROP Spamhaus DROP Listed Traffic Inbound group 4,0,0.32729852199554443,2026-07-14 16:56:33
64072,1784048193.137379701,2026-07-14T16:56:33.400+0000,86601,Suricata: Alert - ET DROP Spamhaus DROP Listed Traffic Inbound group 4,0,0.32729852199554443,2026-07-14 16:56:33
64071,1784048193.137377596,2026-07-14T16:56:33.383+0000,86601,Suricata: Alert - ET DROP Spamhaus DROP Listed Traffic Inbound group 33,0,0.32729852199554443,2026-07-14 16:56:33
64070,1784048193.137375494,2026-07-14T16:56:33.285+0000,86601,Suricata: Alert - ET DROP Spamhaus DROP Listed Traffic Inbound group 4,0,0.32729852199554443,2026-07-14 16:56:33
64069,1784048193.137373394,2026-07-14T16:56:33.285+0000,86601,Suricata: Alert - ET DROP Spamhaus DROP Listed Traffic Inbound group 4,0,0.32729852199554443,2026-07-14 16:56:33
64068,1784048193.137371292,2026-07-14T16:56:33.278+0000,86601,Suricata: Alert - ET DROP Spamhaus DROP Listed Traffic Inbound group 4,0,0.32729852199554443,2026-07-14 16:56:33
64067,1784048193.137369193,2026-07-14T16:56:33.246+0000,86601,Suricata: Alert - ET DROP Spamhaus DROP Listed Traffic Inbound group 30,0,0.32729852199554443,2026-07-14 16:56:33
64066,1784048193.137367090,2026-07-14T16:56:33.244+0000,86601,Suricata: Alert - ET DROP Spamhaus DROP Listed Traffic Inbound group 33,0,0.32729852199554443,2026-07-14 16:56:33
64065,1784048193.137364979,2026-07-14T16:56:33.235+0000,86601,Suricata: Alert - ET DROP Spamhaus DROP Listed Traffic Inbound group 58,0,0.32729852199554443,2026-07-14 16:56:33
64064,1784048193.137362872,2026-07-14T16:56:33.219+0000,86601,Suricata: Alert - ET DROP Spamhaus DROP Listed Traffic Inbound group 67,0,0.32729852199554443,2026-07-14 16:56:33
64063,1784048193.137360766,2026-07-14T16:56:33.213+0000,86601,Suricata: Alert - ET DROP Spamhaus DROP Listed Traffic Inbound group 4,0,0.32729852199554443,2026-07-14 16:56:33
64062,1784048193.137358665,2026-07-14T16:56:33.209+0000,86601,Suricata: Alert - ET DROP Spamhaus DROP Listed Traffic Inbound group 27,0,0.32729852199554443,2026-07-14 16:56:33
64061,1784048193.137356556,2026-07-14T16:56:33.197+0000,86601,Suricata: Alert - ET DROP Spamhaus DROP Listed Traffic Inbound group 67,0,0.32729852199554443,2026-07-14 16:56:33
64060,1784048193.137354451,2026-07-14T16:56:33.186+0000,86601,Suricata: Alert - ET DROP Spamhaus DROP Listed Traffic Inbound group 33,0,0.32729852199554443,2026-07-14 16:56:33
64059,1784048193.137352338,2026-07-14T16:56:33.184+0000,86601,Suricata: Alert - ET DROP Spamhaus DROP Listed Traffic Inbound group 33,0,0.32729852199554443,2026-07-14 16:56:33
64058,1784048193.137350236,2026-07-14T16:56:33.144+0000,86601,Suricata: Alert - ET DROP Spamhaus DROP Listed Traffic Inbound group 4,0,0.32729852199554443,2026-07-14 16:56:33
64057,1784048193.137348127,2026-07-14T16:56:33.137+0000,86601,Suricata: Alert - ET DROP Spamhaus DROP Listed Traffic Inbound group 67,0,0.32729852199554443,2026-07-14 16:56:33
64056,1784048193.137346014,2026-07-14T16:56:33.135+0000,86601,Suricata: Alert - ET DROP Spamhaus DROP Listed Traffic Inbound group 33,0,0.32729852199554443,2026-07-14 16:56:33
64055,1784048193.137343905,2026-07-14T16:56:33.124+0000,86601,Suricata: Alert - ET DROP Spamhaus DROP Listed Traffic Inbound group 30,0,0.32729852199554443,2026-07-14 16:56:33
64054,1784048193.137341794,2026-07-14T16:56:33.114+0000,86601,Suricata: Alert - ET DROP Spamhaus DROP Listed Traffic Inbound group 58,0,0.32729852199554443,2026-07-14 16:56:33
64053,1784048193.137339687,2026-07-14T16:56:33.112+0000,86601,Suricata: Alert - ET DROP Spamhaus DROP Listed Traffic Inbound group 67,0,0.32729852199554443,2026-07-14 16:56:33
64052,1784048193.137337579,2026-07-14T16:56:33.090+0000,86601,Suricata: Alert - ET DROP Spamhaus DROP Listed Traffic Inbound group 4,0,0.32729852199554443,2026-07-14 16:56:33
64051,1784048193.137335464,2026-07-14T16:56:33.056+0000,86601,Suricata: Alert - ET DROP Spamhaus DROP Listed Traffic Inbound group 24,0,0.32729852199554443,2026-07-14 16:56:33
64050,1784048191.137333359,2026-07-14T16:56:31.785+0000,86601,Suricata: Alert - ET DROP Spamhaus DROP Listed Traffic Inbound group 28,0,0.32729852199554443,2026-07-14 16:56:32
64049,1784048191.137331250,2026-07-14T16:56:31.348+0000,86601,Suricata: Alert - ET DROP Spamhaus DROP Listed Traffic Inbound group 35,0,0.32729852199554443,2026-07-14 16:56:32
64048,1784048190.137329141,2026-07-14T16:56:30.868+0000,86601,Suricata: Alert - ET DROP Spamhaus DROP Listed Traffic Inbound group 27,0,0.32729852199554443,2026-07-14 16:56:31
64047,1784048185.137327041,2026-07-14T16:56:25.054+0000,86601,Suricata: Alert - ET DROP Spamhaus DROP Listed Traffic Inbound group 4,0,0.32729852199554443,2026-07-14 16:56:26
64046,1784048176.137324933,2026-07-14T16:56:16.574+0000,86601,Suricata: Alert - ET DROP Spamhaus DROP Listed Traffic Inbound group 4,0,0.32729852199554443,2026-07-14 16:56:17
64045,1784048175.137322829,2026-07-14T16:56:15.243+0000,86601,Suricata: Alert - ET DROP Spamhaus DROP Listed Traffic Inbound group 4,0,0.32729852199554443,2026-07-14 16:56:16
64044,1784048168.137320724,2026-07-14T16:56:08.554+0000,86601,Suricata: Alert - ET DROP Spamhaus DROP Listed Traffic Inbound group 30,0,0.32729852199554443,2026-07-14 16:56:08
64043,1784048161.137318613,2026-07-14T16:56:01.238+0000,86601,Suricata: Alert - ET DROP Spamhaus DROP Listed Traffic Inbound group 56,0,0.32729852199554443,2026-07-14 16:56:01
64042,1784048161.137316498,2026-07-14T16:56:01.216+0000,86601,Suricata: Alert - ET DROP Spamhaus DROP Listed Traffic Inbound group 33,0,0.32729852199554443,2026-07-14 16:56:01
64041,1784048161.137314383,2026-07-14T16:56:01.195+0000,86601,Suricata: Alert - ET DROP Spamhaus DROP Listed Traffic Inbound group 35,0,0.32729852199554443,2026-07-14 16:56:01
64040,1784048161.137312264,2026-07-14T16:56:01.068+0000,86601,Suricata: Alert - ET DROP Spamhaus DROP Listed Traffic Inbound group 24,0,0.32729852199554443,2026-07-14 16:56:01
64039,1784048160.137310153,2026-07-14T16:56:00.857+0000,86601,Suricata: Alert - ET DROP Spamhaus DROP Listed Traffic Inbound group 33,0,0.32729852199554443,2026-07-14 16:56:01
64038,1784048160.137308050,2026-07-14T16:56:00.856+0000,86601,Suricata: Alert - ET DROP Spamhaus DROP Listed Traffic Inbound group 56,0,0.32729852199554443,2026-07-14 16:56:01
64037,1784048160.137305946,2026-07-14T16:56:00.593+0000,86601,Suricata: Alert - ET DROP Spamhaus DROP Listed Traffic Inbound group 4,0,0.32729852199554443,2026-07-14 16:56:01
64036,1784048160.137301728,2026-07-14T16:56:00.580+0000,86601,Suricata: Alert - ET DROP Spamhaus DROP Listed Traffic Inbound group 31,0,0.32729852199554443,2026-07-14 16:56:00
64035,1784048160.137299624,2026-07-14T16:56:00.579+0000,86601,Suricata: Alert - ET DROP Spamhaus DROP Listed Traffic Inbound group 4,0,0.32729852199554443,2026-07-14 16:56:00
64034,1784048160.137297513,2026-07-14T16:56:00.420+0000,86601,Suricata: Alert - ET DROP Spamhaus DROP Listed Traffic Inbound group 28,0,0.32729852199554443,2026-07-14 16:56:00
64033,1784048158.137295408,2026-07-14T16:55:58.890+0000,86601,Suricata: Alert - ET DROP Spamhaus DROP Listed Traffic Inbound group 33,0,0.32729852199554443,2026-07-14 16:55:59
64032,1784048158.137293302,2026-07-14T16:55:58.890+0000,86601,Suricata: Alert - ET DROP Spamhaus DROP Listed Traffic Inbound group 4,0,0.32729852199554443,2026-07-14 16:55:59
64031,1784048158.137291199,2026-07-14T16:55:58.844+0000,86601,Suricata: Alert - ET DROP Spamhaus DROP Listed Traffic Inbound group 30,0,0.32729852199554443,2026-07-14 16:55:59
64030,1784048158.137289091,2026-07-14T16:55:58.834+0000,86601,Suricata: Alert - ET DROP Spamhaus DROP Listed Traffic Inbound group 4,0,0.32729852199554443,2026-07-14 16:55:59
64029,1784048158.137286972,2026-07-14T16:55:58.831+0000,86601,Suricata: Alert - ET DROP Spamhaus DROP Listed Traffic Inbound group 33,0,0.32729852199554443,2026-07-14 16:55:59
64028,1784048158.137284863,2026-07-14T16:55:58.783+0000,86601,Suricata: Alert - ET DROP Spamhaus DROP Listed Traffic Inbound group 27,0,0.32729852199554443,2026-07-14 16:55:59
64027,1784048158.137280648,2026-07-14T16:55:58.347+0000,86601,Suricata: Alert - ET DROP Spamhaus DROP Listed Traffic Inbound group 4,0,0.32729852199554443,2026-07-14 16:55:58
64026,1784048158.137278539,2026-07-14T16:55:58.319+0000,86601,Suricata: Alert - ET DROP Spamhaus DROP Listed Traffic Inbound group 32,0,0.32729852199554443,2026-07-14 16:55:58
64025,1784048158.137276430,2026-07-14T16:55:58.229+0000,86601,Suricata: Alert - ET DROP Spamhaus DROP Listed Traffic Inbound group 44,0,0.32729852199554443,2026-07-14 16:55:58
64024,1784048157.137274325,2026-07-14T16:55:57.447+0000,86601,Suricata: Alert - ET DROP Spamhaus DROP Listed Traffic Inbound group 24,0,0.32729852199554443,2026-07-14 16:55:58
64023,1784048157.137272216,2026-07-14T16:55:57.268+0000,86601,Suricata: Alert - ET DROP Spamhaus DROP Listed Traffic Inbound group 26,0,0.32729852199554443,2026-07-14 16:55:58
64022,1784048152.137270101,2026-07-14T16:55:52.675+0000,86601,Suricata: Alert - ET DROP Spamhaus DROP Listed Traffic Inbound group 43,0,0.32729852199554443,2026-07-14 16:55:53
64021,1784048151.137267994,2026-07-14T16:55:51.485+0000,86601,Suricata: Alert - ET DROP Spamhaus DROP Listed Traffic Inbound group 26,0,0.32729852199554443,2026-07-14 16:55:52
64020,1784048147.137265889,2026-07-14T16:55:47.123+0000,86601,Suricata: Alert - ET DROP Spamhaus DROP Listed Traffic Inbound group 33,0,0.32729852199554443,2026-07-14 16:55:48
64019,1784048145.137263780,2026-07-14T16:55:45.216+0000,86601,Suricata: Alert - ET DROP Spamhaus DROP Listed Traffic Inbound group 27,0,0.32729852199554443,2026-07-14 16:55:46
64018,1784048136.137261669,2026-07-14T16:55:36.440+0000,86601,Suricata: Alert - ET DROP Spamhaus DROP Listed Traffic Inbound group 35,0,0.32729852199554443,2026-07-14 16:55:45
64017,1784048135.137259561,2026-07-14T16:55:35.092+0000,86601,Suricata: Alert - ET DROP Spamhaus DROP Listed Traffic Inbound group 4,0,0.32729852199554443,2026-07-14 16:55:45
64016,1784048135.137257446,2026-07-14T16:55:35.087+0000,86601,Suricata: Alert - ET DROP Spamhaus DROP Listed Traffic Inbound group 32,0,0.32729852199554443,2026-07-14 16:55:45
64015,1784048134.137255341,2026-07-14T16:55:34.859+0000,86601,Suricata: Alert - ET DROP Spamhaus DROP Listed Traffic Inbound group 45,0,0.32729852199554443,2026-07-14 16:55:45
64014,1784048134.137253855,2026-07-14T16:55:34.617+0000,86601,Suricata: Alert - ET SCAN NMAP OS fingerprint,0,0.32729852199554443,2026-07-14 16:55:45
64013,1784048134.137252369,2026-07-14T16:55:34.607+0000,86601,Suricata: Alert - ET SCAN NMAP OS fingerprint,0,0.32729852199554443,2026-07-14 16:55:45
64012,1784048134.137250883,2026-07-14T16:55:34.607+0000,86601,Suricata: Alert - ET SCAN NMAP OS fingerprint,0,0.32729852199554443,2026-07-14 16:55:45
64011,1784048134.137249399,2026-07-14T16:55:34.607+0000,86601,Suricata: Alert - ET SCAN NMAP OS fingerprint,0,0.32729852199554443,2026-07-14 16:55:45
64010,1784048134.137247915,2026-07-14T16:55:34.607+0000,86601,Suricata: Alert - ET SCAN NMAP OS fingerprint,0,0.32729852199554443,2026-07-14 16:55:45
64009,1784048134.137246431,2026-07-14T16:55:34.597+0000,86601,Suricata: Alert - ET SCAN NMAP OS fingerprint,0,0.32729852199554443,2026-07-14 16:55:45
64008,1784048134.137244947,2026-07-14T16:55:34.596+0000,86601,Suricata: Alert - ET SCAN NMAP OS fingerprint,0,0.32729852199554443,2026-07-14 16:55:45
64007,1784048134.137243461,2026-07-14T16:55:34.595+0000,86601,Suricata: Alert - ET SCAN NMAP OS fingerprint,0,0.32729852199554443,2026-07-14 16:55:45
64006,1784048134.137241977,2026-07-14T16:55:34.586+0000,86601,Suricata: Alert - ET SCAN NMAP OS fingerprint,0,0.32729852199554443,2026-07-14 16:55:45
64005,1784048134.137240497,2026-07-14T16:55:34.586+0000,86601,Suricata: Alert - ET SCAN NMAP OS fingerprint,0,0.32729852199554443,2026-07-14 16:55:45
64004,1784048134.137239011,2026-07-14T16:55:34.586+0000,86601,Suricata: Alert - ET SCAN NMAP OS fingerprint,0,0.32729852199554443,2026-07-14 16:55:45
64003,1784048134.137237525,2026-07-14T16:55:34.575+0000,86601,Suricata: Alert - ET SCAN NMAP OS fingerprint,0,0.32729852199554443,2026-07-14 16:55:45
64002,1784048134.137236041,2026-07-14T16:55:34.575+0000,86601,Suricata: Alert - ET SCAN NMAP OS fingerprint,0,0.32729852199554443,2026-07-14 16:55:45
64001,1784048134.137234565,2026-07-14T16:55:34.575+0000,86601,Suricata: Alert - ET SCAN NMAP OS fingerprint,0,0.32729852199554443,2026-07-14 16:55:45
64000,1784048134.137233081,2026-07-14T16:55:34.575+0000,86601,Suricata: Alert - ET SCAN NMAP OS fingerprint,0,0.32729852199554443,2026-07-14 16:55:45
63999,1784048134.137231599,2026-07-14T16:55:34.553+0000,86601,Suricata: Alert - ET SCAN NMAP OS fingerprint,0,0.32729852199554443,2026-07-14 16:55:45
63998,1784048134.137230117,2026-07-14T16:55:34.553+0000,86601,Suricata: Alert - ET SCAN NMAP OS fingerprint,0,0.32729852199554443,2026-07-14 16:55:44
63997,1784048134.137228633,2026-07-14T16:55:34.553+0000,86601,Suricata: Alert - ET SCAN NMAP OS fingerprint,0,0.32729852199554443,2026-07-14 16:55:44
63996,1784048134.137227149,2026-07-14T16:55:34.541+0000,86601,Suricata: Alert - ET SCAN NMAP OS fingerprint,0,0.32729852199554443,2026-07-14 16:55:44
63995,1784048134.137225671,2026-07-14T16:55:34.536+0000,86601,Suricata: Alert - ET SCAN NMAP OS fingerprint,0,0.32729852199554443,2026-07-14 16:55:44
63994,1784048134.137224183,2026-07-14T16:55:34.531+0000,86601,Suricata: Alert - ET SCAN NMAP OS fingerprint,0,0.32729852199554443,2026-07-14 16:55:44
63993,1784048134.137222695,2026-07-14T16:55:34.529+0000,86601,Suricata: Alert - ET SCAN NMAP OS fingerprint,0,0.32729852199554443,2026-07-14 16:55:44
63992,1784048134.137221211,2026-07-14T16:55:34.525+0000,86601,Suricata: Alert - ET SCAN NMAP OS fingerprint,0,0.32729852199554443,2026-07-14 16:55:44
63991,1784048134.137219723,2026-07-14T16:55:34.519+0000,86601,Suricata: Alert - ET SCAN NMAP OS fingerprint,0,0.32729852199554443,2026-07-14 16:55:44
63990,1784048134.137218235,2026-07-14T16:55:34.515+0000,86601,Suricata: Alert - ET SCAN NMAP OS fingerprint,0,0.32729852199554443,2026-07-14 16:55:44
63989,1784048134.137216747,2026-07-14T16:55:34.512+0000,86601,Suricata: Alert - ET SCAN NMAP OS fingerprint,0,0.32729852199554443,2026-07-14 16:55:44
63988,1784048134.137215259,2026-07-14T16:55:34.511+0000,86601,Suricata: Alert - ET SCAN NMAP OS fingerprint,0,0.32729852199554443,2026-07-14 16:55:44
63987,1784048134.137213771,2026-07-14T16:55:34.507+0000,86601,Suricata: Alert - ET SCAN NMAP OS fingerprint,0,0.32729852199554443,2026-07-14 16:55:44
63986,1784048134.137212283,2026-07-14T16:55:34.504+0000,86601,Suricata: Alert - ET SCAN NMAP OS fingerprint,0,0.32729852199554443,2026-07-14 16:55:44
63985,1784048134.137210795,2026-07-14T16:55:34.502+0000,86601,Suricata: Alert - ET SCAN NMAP OS fingerprint,0,0.32729852199554443,2026-07-14 16:55:44
63984,1784048134.137209307,2026-07-14T16:55:34.494+0000,86601,Suricata: Alert - ET SCAN NMAP OS fingerprint,0,0.32729852199554443,2026-07-14 16:55:44
63983,1784048134.137207819,2026-07-14T16:55:34.492+0000,86601,Suricata: Alert - ET SCAN NMAP OS fingerprint,0,0.32729852199554443,2026-07-14 16:55:44
63982,1784048134.137206335,2026-07-14T16:55:34.489+0000,86601,Suricata: Alert - ET SCAN NMAP OS fingerprint,0,0.32729852199554443,2026-07-14 16:55:44
63981,1784048134.137204851,2026-07-14T16:55:34.486+0000,86601,Suricata: Alert - ET SCAN NMAP OS fingerprint,0,0.32729852199554443,2026-07-14 16:55:44
63980,1784048134.137203363,2026-07-14T16:55:34.484+0000,86601,Suricata: Alert - ET SCAN NMAP OS fingerprint,0,0.32729852199554443,2026-07-14 16:55:44
63979,1784048134.137201875,2026-07-14T16:55:34.477+0000,86601,Suricata: Alert - ET SCAN NMAP OS fingerprint,0,0.32729852199554443,2026-07-14 16:55:44
63978,1784048134.137200387,2026-07-14T16:55:34.476+0000,86601,Suricata: Alert - ET SCAN NMAP OS fingerprint,0,0.32729852199554443,2026-07-14 16:55:44
63977,1784048134.137198899,2026-07-14T16:55:34.475+0000,86601,Suricata: Alert - ET SCAN NMAP OS fingerprint,0,0.32729852199554443,2026-07-14 16:55:44
63976,1784048134.137197411,2026-07-14T16:55:34.475+0000,86601,Suricata: Alert - ET SCAN NMAP OS fingerprint,0,0.32729852199554443,2026-07-14 16:55:44
63975,1784048134.137195923,2026-07-14T16:55:34.475+0000,86601,Suricata: Alert - ET SCAN NMAP OS fingerprint,0,0.32729852199554443,2026-07-14 16:55:44
63974,1784048134.137194435,2026-07-14T16:55:34.472+0000,86601,Suricata: Alert - ET SCAN NMAP OS fingerprint,0,0.32729852199554443,2026-07-14 16:55:44
63973,1784048134.137192947,2026-07-14T16:55:34.458+0000,86601,Suricata: Alert - ET SCAN NMAP OS fingerprint,0,0.32729852199554443,2026-07-14 16:55:44
63972,1784048134.137191459,2026-07-14T16:55:34.447+0000,86601,Suricata: Alert - ET SCAN NMAP OS fingerprint,0,0.32729852199554443,2026-07-14 16:55:44
63971,1784048134.137189971,2026-07-14T16:55:34.443+0000,86601,Suricata: Alert - ET SCAN NMAP OS fingerprint,0,0.32729852199554443,2026-07-14 16:55:44
63970,1784048134.137188483,2026-07-14T16:55:34.440+0000,86601,Suricata: Alert - ET SCAN NMAP OS fingerprint,0,0.32729852199554443,2026-07-14 16:55:44
63969,1784048134.137186995,2026-07-14T16:55:34.436+0000,86601,Suricata: Alert - ET SCAN NMAP OS fingerprint,0,0.32729852199554443,2026-07-14 16:55:44
63968,1784048134.137185507,2026-07-14T16:55:34.433+0000,86601,Suricata: Alert - ET SCAN NMAP OS fingerprint,0,0.32729852199554443,2026-07-14 16:55:44
63967,1784048134.137184027,2026-07-14T16:55:34.431+0000,86601,Suricata: Alert - ET SCAN NMAP OS fingerprint,0,0.32729852199554443,2026-07-14 16:55:44
63966,1784048134.137182539,2026-07-14T16:55:34.430+0000,86601,Suricata: Alert - ET SCAN NMAP OS fingerprint,0,0.32729852199554443,2026-07-14 16:55:44
63965,1784048134.137181051,2026-07-14T16:55:34.427+0000,86601,Suricata: Alert - ET SCAN NMAP OS fingerprint,0,0.32729852199554443,2026-07-14 16:55:44
63964,1784048134.137179559,2026-07-14T16:55:34.424+0000,86601,Suricata: Alert - ET SCAN NMAP OS fingerprint,0,0.32729852199554443,2026-07-14 16:55:44
63963,1784048134.137178071,2026-07-14T16:55:34.419+0000,86601,Suricata: Alert - ET SCAN NMAP OS fingerprint,0,0.32729852199554443,2026-07-14 16:55:44
63962,1784048134.137176583,2026-07-14T16:55:34.417+0000,86601,Suricata: Alert - ET SCAN NMAP OS fingerprint,0,0.32729852199554443,2026-07-14 16:55:44
63961,1784048134.137175095,2026-07-14T16:55:34.415+0000,86601,Suricata: Alert - ET SCAN NMAP OS fingerprint,0,0.32729852199554443,2026-07-14 16:55:44
63960,1784048134.137173607,2026-07-14T16:55:34.410+0000,86601,Suricata: Alert - ET SCAN NMAP OS fingerprint,0,0.32729852199554443,2026-07-14 16:55:44
63959,1784048134.137172119,2026-07-14T16:55:34.408+0000,86601,Suricata: Alert - ET SCAN NMAP OS fingerprint,0,0.32729852199554443,2026-07-14 16:55:44
63958,1784048134.137170631,2026-07-14T16:55:34.406+0000,86601,Suricata: Alert - ET SCAN NMAP OS fingerprint,0,0.32729852199554443,2026-07-14 16:55:44
63957,1784048134.137169143,2026-07-14T16:55:34.404+0000,86601,Suricata: Alert - ET SCAN NMAP OS fingerprint,0,0.32729852199554443,2026-07-14 16:55:44
63956,1784048134.137167655,2026-07-14T16:55:34.402+0000,86601,Suricata: Alert - ET SCAN NMAP OS fingerprint,0,0.32729852199554443,2026-07-14 16:55:44
63955,1784048134.137166167,2026-07-14T16:55:34.400+0000,86601,Suricata: Alert - ET SCAN NMAP OS fingerprint,0,0.32729852199554443,2026-07-14 16:55:44
63954,1784048134.137164679,2026-07-14T16:55:34.396+0000,86601,Suricata: Alert - ET SCAN NMAP OS fingerprint,0,0.32729852199554443,2026-07-14 16:55:44
63953,1784048134.137163191,2026-07-14T16:55:34.394+0000,86601,Suricata: Alert - ET SCAN NMAP OS fingerprint,0,0.32729852199554443,2026-07-14 16:55:44
63952,1784048134.137161703,2026-07-14T16:55:34.394+0000,86601,Suricata: Alert - ET SCAN NMAP OS fingerprint,0,0.32729852199554443,2026-07-14 16:55:43
63951,1784048134.137160215,2026-07-14T16:55:34.389+0000,86601,Suricata: Alert - ET SCAN NMAP OS fingerprint,0,0.32729852199554443,2026-07-14 16:55:43
63950,1784048134.137158727,2026-07-14T16:55:34.389+0000,86601,Suricata: Alert - ET SCAN NMAP OS fingerprint,0,0.32729852199554443,2026-07-14 16:55:43
63949,1784048134.137157239,2026-07-14T16:55:34.387+0000,86601,Suricata: Alert - ET SCAN NMAP OS fingerprint,0,0.32729852199554443,2026-07-14 16:55:43
63948,1784048134.137155751,2026-07-14T16:55:34.381+0000,86601,Suricata: Alert - ET SCAN NMAP OS fingerprint,0,0.32729852199554443,2026-07-14 16:55:43
63947,1784048134.137154263,2026-07-14T16:55:34.379+0000,86601,Suricata: Alert - ET SCAN NMAP OS fingerprint,0,0.32729852199554443,2026-07-14 16:55:43
63946,1784048134.137152775,2026-07-14T16:55:34.376+0000,86601,Suricata: Alert - ET SCAN NMAP OS fingerprint,0,0.32729852199554443,2026-07-14 16:55:43
63945,1784048134.137151287,2026-07-14T16:55:34.375+0000,86601,Suricata: Alert - ET SCAN NMAP OS fingerprint,0,0.32729852199554443,2026-07-14 16:55:43
63944,1784048134.137149799,2026-07-14T16:55:34.374+0000,86601,Suricata: Alert - ET SCAN NMAP OS fingerprint,0,0.32729852199554443,2026-07-14 16:55:43
63943,1784048134.137148311,2026-07-14T16:55:34.374+0000,86601,Suricata: Alert - ET SCAN NMAP OS fingerprint,0,0.32729852199554443,2026-07-14 16:55:43
63942,1784048134.137146823,2026-07-14T16:55:34.367+0000,86601,Suricata: Alert - ET SCAN NMAP OS fingerprint,0,0.32729852199554443,2026-07-14 16:55:43
63941,1784048134.137145335,2026-07-14T16:55:34.364+0000,86601,Suricata: Alert - ET SCAN NMAP OS fingerprint,0,0.32729852199554443,2026-07-14 16:55:43
63940,1784048134.137143847,2026-07-14T16:55:34.361+0000,86601,Suricata: Alert - ET SCAN NMAP OS fingerprint,0,0.32729852199554443,2026-07-14 16:55:43
63939,1784048134.137142363,2026-07-14T16:55:34.359+0000,86601,Suricata: Alert - ET SCAN NMAP OS fingerprint,0,0.32729852199554443,2026-07-14 16:55:43
63938,1784048134.137140875,2026-07-14T16:55:34.357+0000,86601,Suricata: Alert - ET SCAN NMAP OS fingerprint,0,0.32729852199554443,2026-07-14 16:55:43
63937,1784048134.137139387,2026-07-14T16:55:34.355+0000,86601,Suricata: Alert - ET SCAN NMAP OS fingerprint,0,0.32729852199554443,2026-07-14 16:55:43
63936,1784048134.137137899,2026-07-14T16:55:34.352+0000,86601,Suricata: Alert - ET SCAN NMAP OS fingerprint,0,0.32729852199554443,2026-07-14 16:55:43
63935,1784048134.137136411,2026-07-14T16:55:34.349+0000,86601,Suricata: Alert - ET SCAN NMAP OS fingerprint,0,0.32729852199554443,2026-07-14 16:55:43
63934,1784048134.137134923,2026-07-14T16:55:34.347+0000,86601,Suricata: Alert - ET SCAN NMAP OS fingerprint,0,0.32729852199554443,2026-07-14 16:55:43
63933,1784048134.137133435,2026-07-14T16:55:34.343+0000,86601,Suricata: Alert - ET SCAN NMAP OS fingerprint,0,0.32729852199554443,2026-07-14 16:55:43
63932,1784048134.137131943,2026-07-14T16:55:34.341+0000,86601,Suricata: Alert - ET SCAN NMAP OS fingerprint,0,0.32729852199554443,2026-07-14 16:55:43
63931,1784048134.137130451,2026-07-14T16:55:34.338+0000,86601,Suricata: Alert - ET SCAN NMAP OS fingerprint,0,0.32729852199554443,2026-07-14 16:55:43
63930,1784048134.137128963,2026-07-14T16:55:34.336+0000,86601,Suricata: Alert - ET SCAN NMAP OS fingerprint,0,0.32729852199554443,2026-07-14 16:55:43
63929,1784048134.137127475,2026-07-14T16:55:34.335+0000,86601,Suricata: Alert - ET SCAN NMAP OS fingerprint,0,0.32729852199554443,2026-07-14 16:55:43
63928,1784048134.137125987,2026-07-14T16:55:34.334+0000,86601,Suricata: Alert - ET SCAN NMAP OS fingerprint,0,0.32729852199554443,2026-07-14 16:55:43
63927,1784048134.137124499,2026-07-14T16:55:34.334+0000,86601,Suricata: Alert - ET SCAN NMAP OS fingerprint,0,0.32729852199554443,2026-07-14 16:55:43
63926,1784048134.137123011,2026-07-14T16:55:34.334+0000,86601,Suricata: Alert - ET SCAN NMAP OS fingerprint,0,0.32729852199554443,2026-07-14 16:55:43
63925,1784048134.137121523,2026-07-14T16:55:34.334+0000,86601,Suricata: Alert - ET SCAN NMAP OS fingerprint,0,0.32729852199554443,2026-07-14 16:55:43
63924,1784048134.137120035,2026-07-14T16:55:34.333+0000,86601,Suricata: Alert - ET SCAN NMAP OS fingerprint,0,0.32729852199554443,2026-07-14 16:55:43
63923,1784048134.137118543,2026-07-14T16:55:34.333+0000,86601,Suricata: Alert - ET SCAN NMAP OS fingerprint,0,0.32729852199554443,2026-07-14 16:55:43
63922,1784048134.137117059,2026-07-14T16:55:34.332+0000,86601,Suricata: Alert - ET SCAN NMAP OS fingerprint,0,0.32729852199554443,2026-07-14 16:55:43
63921,1784048134.137115571,2026-07-14T16:55:34.332+0000,86601,Suricata: Alert - ET SCAN NMAP OS fingerprint,0,0.32729852199554443,2026-07-14 16:55:43
63920,1784048134.137114083,2026-07-14T16:55:34.332+0000,86601,Suricata: Alert - ET SCAN NMAP OS fingerprint,0,0.32729852199554443,2026-07-14 16:55:43
63919,1784048134.137112595,2026-07-14T16:55:34.308+0000,86601,Suricata: Alert - ET SCAN NMAP OS fingerprint,0,0.32729852199554443,2026-07-14 16:55:43
63918,1784048134.137111107,2026-07-14T16:55:34.306+0000,86601,Suricata: Alert - ET SCAN NMAP OS fingerprint,0,0.32729852199554443,2026-07-14 16:55:43
63917,1784048134.137109619,2026-07-14T16:55:34.305+0000,86601,Suricata: Alert - ET SCAN NMAP OS fingerprint,0,0.32729852199554443,2026-07-14 16:55:43
63916,1784048134.137108131,2026-07-14T16:55:34.304+0000,86601,Suricata: Alert - ET SCAN NMAP OS fingerprint,0,0.32729852199554443,2026-07-14 16:55:43
63915,1784048134.137106643,2026-07-14T16:55:34.297+0000,86601,Suricata: Alert - ET SCAN NMAP OS fingerprint,0,0.32729852199554443,2026-07-14 16:55:43
63914,1784048134.137105155,2026-07-14T16:55:34.295+0000,86601,Suricata: Alert - ET SCAN NMAP OS fingerprint,0,0.32729852199554443,2026-07-14 16:55:43
63913,1784048134.137103667,2026-07-14T16:55:34.294+0000,86601,Suricata: Alert - ET SCAN NMAP OS fingerprint,0,0.32729852199554443,2026-07-14 16:55:43
63912,1784048134.137102179,2026-07-14T16:55:34.291+0000,86601,Suricata: Alert - ET SCAN NMAP OS fingerprint,0,0.32729852199554443,2026-07-14 16:55:43
63911,1784048134.137100687,2026-07-14T16:55:34.286+0000,86601,Suricata: Alert - ET SCAN NMAP OS fingerprint,0,0.32729852199554443,2026-07-14 16:55:43
63910,1784048134.137099199,2026-07-14T16:55:34.285+0000,86601,Suricata: Alert - ET SCAN NMAP OS fingerprint,0,0.32729852199554443,2026-07-14 16:55:43
63909,1784048134.137097711,2026-07-14T16:55:34.284+0000,86601,Suricata: Alert - ET SCAN NMAP OS fingerprint,0,0.32729852199554443,2026-07-14 16:55:43
63908,1784048134.137096223,2026-07-14T16:55:34.279+0000,86601,Suricata: Alert - ET SCAN NMAP OS fingerprint,0,0.32729852199554443,2026-07-14 16:55:43
63907,1784048134.137094735,2026-07-14T16:55:34.277+0000,86601,Suricata: Alert - ET SCAN NMAP OS fingerprint,0,0.32729852199554443,2026-07-14 16:55:43
63906,1784048134.137093251,2026-07-14T16:55:34.273+0000,86601,Suricata: Alert - ET SCAN NMAP OS fingerprint,0,0.32729852199554443,2026-07-14 16:55:43
63905,1784048134.137091763,2026-07-14T16:55:34.269+0000,86601,Suricata: Alert - ET SCAN NMAP OS fingerprint,0,0.32729852199554443,2026-07-14 16:55:42
63904,1784048134.137090275,2026-07-14T16:55:34.267+0000,86601,Suricata: Alert - ET SCAN NMAP OS fingerprint,0,0.32729852199554443,2026-07-14 16:55:42
63903,1784048134.137088787,2026-07-14T16:55:34.267+0000,86601,Suricata: Alert - ET SCAN NMAP OS fingerprint,0,0.32729852199554443,2026-07-14 16:55:42
63902,1784048134.137087299,2026-07-14T16:55:34.267+0000,86601,Suricata: Alert - ET SCAN NMAP OS fingerprint,0,0.32729852199554443,2026-07-14 16:55:42
63901,1784048134.137085811,2026-07-14T16:55:34.261+0000,86601,Suricata: Alert - ET SCAN NMAP OS fingerprint,0,0.32729852199554443,2026-07-14 16:55:42
63900,1784048134.137084323,2026-07-14T16:55:34.261+0000,86601,Suricata: Alert - ET SCAN NMAP OS fingerprint,0,0.32729852199554443,2026-07-14 16:55:42
63899,1784048134.137082835,2026-07-14T16:55:34.260+0000,86601,Suricata: Alert - ET SCAN NMAP OS fingerprint,0,0.32729852199554443,2026-07-14 16:55:42
63898,1784048134.137081347,2026-07-14T16:55:34.260+0000,86601,Suricata: Alert - ET SCAN NMAP OS fingerprint,0,0.32729852199554443,2026-07-14 16:55:42
63897,1784048134.137079859,2026-07-14T16:55:34.252+0000,86601,Suricata: Alert - ET SCAN NMAP OS fingerprint,0,0.32729852199554443,2026-07-14 16:55:42
63896,1784048134.137078371,2026-07-14T16:55:34.252+0000,86601,Suricata: Alert - ET SCAN NMAP OS fingerprint,0,0.32729852199554443,2026-07-14 16:55:42
63895,1784048134.137076880,2026-07-14T16:55:34.251+0000,86601,Suricata: Alert - ET SCAN NMAP OS fingerprint,0,0.32729852199554443,2026-07-14 16:55:42
63894,1784048134.137075392,2026-07-14T16:55:34.245+0000,86601,Suricata: Alert - ET SCAN NMAP OS fingerprint,0,0.32729852199554443,2026-07-14 16:55:42
63893,1784048134.137073904,2026-07-14T16:55:34.245+0000,86601,Suricata: Alert - ET SCAN NMAP OS fingerprint,0,0.32729852199554443,2026-07-14 16:55:42
63892,1784048134.137072416,2026-07-14T16:55:34.244+0000,86601,Suricata: Alert - ET SCAN NMAP OS fingerprint,0,0.32729852199554443,2026-07-14 16:55:42
63891,1784048134.137070928,2026-07-14T16:55:34.236+0000,86601,Suricata: Alert - ET SCAN NMAP OS fingerprint,0,0.32729852199554443,2026-07-14 16:55:42
63890,1784048134.137069440,2026-07-14T16:55:34.236+0000,86601,Suricata: Alert - ET SCAN NMAP OS fingerprint,0,0.32729852199554443,2026-07-14 16:55:42
63889,1784048134.137067952,2026-07-14T16:55:34.223+0000,86601,Suricata: Alert - ET SCAN NMAP OS fingerprint,0,0.32729852199554443,2026-07-14 16:55:42
63888,1784048134.137066464,2026-07-14T16:55:34.223+0000,86601,Suricata: Alert - ET SCAN NMAP OS fingerprint,0,0.32729852199554443,2026-07-14 16:55:42
63887,1784048134.137064976,2026-07-14T16:55:34.223+0000,86601,Suricata: Alert - ET SCAN NMAP OS fingerprint,0,0.32729852199554443,2026-07-14 16:55:42
63886,1784048134.137063488,2026-07-14T16:55:34.216+0000,86601,Suricata: Alert - ET SCAN NMAP OS fingerprint,0,0.32729852199554443,2026-07-14 16:55:42
63885,1784048134.137062000,2026-07-14T16:55:34.216+0000,86601,Suricata: Alert - ET SCAN NMAP OS fingerprint,0,0.32729852199554443,2026-07-14 16:55:42
63884,1784048134.137060512,2026-07-14T16:55:34.215+0000,86601,Suricata: Alert - ET SCAN NMAP OS fingerprint,0,0.32729852199554443,2026-07-14 16:55:42
63883,1784048134.137059024,2026-07-14T16:55:34.205+0000,86601,Suricata: Alert - ET SCAN NMAP OS fingerprint,0,0.32729852199554443,2026-07-14 16:55:42
63882,1784048134.137057532,2026-07-14T16:55:34.205+0000,86601,Suricata: Alert - ET SCAN NMAP OS fingerprint,0,0.32729852199554443,2026-07-14 16:55:42
63881,1784048134.137056044,2026-07-14T16:55:34.200+0000,86601,Suricata: Alert - ET SCAN NMAP OS fingerprint,0,0.32729852199554443,2026-07-14 16:55:42
63880,1784048134.137054556,2026-07-14T16:55:34.199+0000,86601,Suricata: Alert - ET SCAN NMAP OS fingerprint,0,0.32729852199554443,2026-07-14 16:55:42
63879,1784048134.137053068,2026-07-14T16:55:34.199+0000,86601,Suricata: Alert - ET SCAN NMAP OS fingerprint,0,0.32729852199554443,2026-07-14 16:55:42
63878,1784048134.137051580,2026-07-14T16:55:34.189+0000,86601,Suricata: Alert - ET SCAN NMAP OS fingerprint,0,0.32729852199554443,2026-07-14 16:55:42
63877,1784048134.137050092,2026-07-14T16:55:34.189+0000,86601,Suricata: Alert - ET SCAN NMAP OS fingerprint,0,0.32729852199554443,2026-07-14 16:55:42
63876,1784048134.137048604,2026-07-14T16:55:34.180+0000,86601,Suricata: Alert - ET SCAN NMAP OS fingerprint,0,0.32729852199554443,2026-07-14 16:55:42
63875,1784048134.137047116,2026-07-14T16:55:34.178+0000,86601,Suricata: Alert - ET SCAN NMAP OS fingerprint,0,0.32729852199554443,2026-07-14 16:55:42
63874,1784048134.137045628,2026-07-14T16:55:34.172+0000,86601,Suricata: Alert - ET SCAN NMAP OS fingerprint,0,0.32729852199554443,2026-07-14 16:55:42
63873,1784048134.137044140,2026-07-14T16:55:34.172+0000,86601,Suricata: Alert - ET SCAN NMAP OS fingerprint,0,0.32729852199554443,2026-07-14 16:55:42
63872,1784048134.137042652,2026-07-14T16:55:34.172+0000,86601,Suricata: Alert - ET SCAN NMAP OS fingerprint,0,0.32729852199554443,2026-07-14 16:55:42
63871,1784048134.137041172,2026-07-14T16:55:34.172+0000,86601,Suricata: Alert - ET SCAN NMAP OS fingerprint,0,0.32729852199554443,2026-07-14 16:55:42
63870,1784048134.137039688,2026-07-14T16:55:34.172+0000,86601,Suricata: Alert - ET SCAN NMAP OS fingerprint,0,0.32729852199554443,2026-07-14 16:55:42
63869,1784048134.137038200,2026-07-14T16:55:34.172+0000,86601,Suricata: Alert - ET SCAN NMAP OS fingerprint,0,0.32729852199554443,2026-07-14 16:55:42
63868,1784048134.137036716,2026-07-14T16:55:34.172+0000,86601,Suricata: Alert - ET SCAN NMAP OS fingerprint,0,0.32729852199554443,2026-07-14 16:55:42
63867,1784048134.137035228,2026-07-14T16:55:34.142+0000,86601,Suricata: Alert - ET SCAN NMAP OS fingerprint,0,0.32729852199554443,2026-07-14 16:55:42
63866,1784048134.137033740,2026-07-14T16:55:34.142+0000,86601,Suricata: Alert - ET SCAN NMAP OS fingerprint,0,0.32729852199554443,2026-07-14 16:55:42
63865,1784048134.137032252,2026-07-14T16:55:34.142+0000,86601,Suricata: Alert - ET SCAN NMAP OS fingerprint,0,0.32729852199554443,2026-07-14 16:55:42
63864,1784048134.137030764,2026-07-14T16:55:34.135+0000,86601,Suricata: Alert - ET SCAN NMAP OS fingerprint,0,0.32729852199554443,2026-07-14 16:55:42
63863,1784048134.137029276,2026-07-14T16:55:34.135+0000,86601,Suricata: Alert - ET SCAN NMAP OS fingerprint,0,0.32729852199554443,2026-07-14 16:55:42
63862,1784048134.137027788,2026-07-14T16:55:34.135+0000,86601,Suricata: Alert - ET SCAN NMAP OS fingerprint,0,0.32729852199554443,2026-07-14 16:55:42
63861,1784048134.137026304,2026-07-14T16:55:34.135+0000,86601,Suricata: Alert - ET SCAN NMAP OS fingerprint,0,0.32729852199554443,2026-07-14 16:55:42
63860,1784048134.137024816,2026-07-14T16:55:34.116+0000,86601,Suricata: Alert - ET SCAN NMAP OS fingerprint,0,0.32729852199554443,2026-07-14 16:55:42
63859,1784048134.137023328,2026-07-14T16:55:34.095+0000,86601,Suricata: Alert - ET SCAN NMAP OS fingerprint,0,0.32729852199554443,2026-07-14 16:55:41
63858,1784048134.137021840,2026-07-14T16:55:34.095+0000,86601,Suricata: Alert - ET SCAN NMAP OS fingerprint,0,0.32729852199554443,2026-07-14 16:55:41
63857,1784048134.137020352,2026-07-14T16:55:34.095+0000,86601,Suricata: Alert - ET SCAN NMAP OS fingerprint,0,0.32729852199554443,2026-07-14 16:55:41
63856,1784048134.137018864,2026-07-14T16:55:34.088+0000,86601,Suricata: Alert - ET SCAN NMAP OS fingerprint,0,0.32729852199554443,2026-07-14 16:55:41
63855,1784048134.137017372,2026-07-14T16:55:34.087+0000,86601,Suricata: Alert - ET SCAN NMAP OS fingerprint,0,0.32729852199554443,2026-07-14 16:55:41
63854,1784048134.137015884,2026-07-14T16:55:34.087+0000,86601,Suricata: Alert - ET SCAN NMAP OS fingerprint,0,0.32729852199554443,2026-07-14 16:55:41
63853,1784048134.137014396,2026-07-14T16:55:34.077+0000,86601,Suricata: Alert - ET SCAN NMAP OS fingerprint,0,0.32729852199554443,2026-07-14 16:55:41
63852,1784048134.137012908,2026-07-14T16:55:34.063+0000,86601,Suricata: Alert - ET SCAN NMAP OS fingerprint,0,0.32729852199554443,2026-07-14 16:55:41
63851,1784048134.137011420,2026-07-14T16:55:34.061+0000,86601,Suricata: Alert - ET SCAN NMAP OS fingerprint,0,0.32729852199554443,2026-07-14 16:55:41
63850,1784048134.137009940,2026-07-14T16:55:34.058+0000,86601,Suricata: Alert - ET SCAN NMAP OS fingerprint,0,0.32729852199554443,2026-07-14 16:55:41
63849,1784048134.137008456,2026-07-14T16:55:34.057+0000,86601,Suricata: Alert - ET SCAN NMAP OS fingerprint,0,0.32729852199554443,2026-07-14 16:55:41
63848,1784048134.137006968,2026-07-14T16:55:34.053+0000,86601,Suricata: Alert - ET SCAN NMAP OS fingerprint,0,0.32729852199554443,2026-07-14 16:55:41
63847,1784048134.137005480,2026-07-14T16:55:34.042+0000,86601,Suricata: Alert - ET SCAN NMAP OS fingerprint,0,0.32729852199554443,2026-07-14 16:55:41
63846,1784048134.137003992,2026-07-14T16:55:34.041+0000,86601,Suricata: Alert - ET SCAN NMAP OS fingerprint,0,0.32729852199554443,2026-07-14 16:55:41
63845,1784048134.137002504,2026-07-14T16:55:34.041+0000,86601,Suricata: Alert - ET SCAN NMAP OS fingerprint,0,0.32729852199554443,2026-07-14 16:55:41
63844,1784048134.137001016,2026-07-14T16:55:34.037+0000,86601,Suricata: Alert - ET SCAN NMAP OS fingerprint,0,0.32729852199554443,2026-07-14 16:55:41
63843,1784048134.136999528,2026-07-14T16:55:34.036+0000,86601,Suricata: Alert - ET SCAN NMAP OS fingerprint,0,0.32729852199554443,2026-07-14 16:55:41
63842,1784048134.136998040,2026-07-14T16:55:34.035+0000,86601,Suricata: Alert - ET SCAN NMAP OS fingerprint,0,0.32729852199554443,2026-07-14 16:55:41
63841,1784048134.136996552,2026-07-14T16:55:34.035+0000,86601,Suricata: Alert - ET SCAN NMAP OS fingerprint,0,0.32729852199554443,2026-07-14 16:55:41
63840,1784048134.136995064,2026-07-14T16:55:34.026+0000,86601,Suricata: Alert - ET SCAN NMAP OS fingerprint,0,0.32729852199554443,2026-07-14 16:55:41
63839,1784048134.136993572,2026-07-14T16:55:34.026+0000,86601,Suricata: Alert - ET SCAN NMAP OS fingerprint,0,0.32729852199554443,2026-07-14 16:55:41
63838,1784048134.136992084,2026-07-14T16:55:34.025+0000,86601,Suricata: Alert - ET SCAN NMAP OS fingerprint,0,0.32729852199554443,2026-07-14 16:55:41
63837,1784048134.136990596,2026-07-14T16:55:34.019+0000,86601,Suricata: Alert - ET SCAN NMAP OS fingerprint,0,0.32729852199554443,2026-07-14 16:55:41
63836,1784048134.136989108,2026-07-14T16:55:34.018+0000,86601,Suricata: Alert - ET SCAN NMAP OS fingerprint,0,0.32729852199554443,2026-07-14 16:55:41
63835,1784048134.136987620,2026-07-14T16:55:34.013+0000,86601,Suricata: Alert - ET SCAN NMAP OS fingerprint,0,0.32729852199554443,2026-07-14 16:55:41
63834,1784048134.136986132,2026-07-14T16:55:34.013+0000,86601,Suricata: Alert - ET SCAN NMAP OS fingerprint,0,0.32729852199554443,2026-07-14 16:55:41
63833,1784048134.136984648,2026-07-14T16:55:34.012+0000,86601,Suricata: Alert - ET SCAN NMAP OS fingerprint,0,0.32729852199554443,2026-07-14 16:55:41
63832,1784048134.136983160,2026-07-14T16:55:34.005+0000,86601,Suricata: Alert - ET SCAN NMAP OS fingerprint,0,0.32729852199554443,2026-07-14 16:55:41
63831,1784048134.136981672,2026-07-14T16:55:34.005+0000,86601,Suricata: Alert - ET SCAN NMAP OS fingerprint,0,0.32729852199554443,2026-07-14 16:55:41
63830,1784048134.136980188,2026-07-14T16:55:34.005+0000,86601,Suricata: Alert - ET SCAN NMAP OS fingerprint,0,0.32729852199554443,2026-07-14 16:55:41
63829,1784048133.136978700,2026-07-14T16:55:33.987+0000,86601,Suricata: Alert - ET SCAN NMAP OS fingerprint,0,0.32729852199554443,2026-07-14 16:55:41
63828,1784048133.136977212,2026-07-14T16:55:33.985+0000,86601,Suricata: Alert - ET SCAN NMAP OS fingerprint,0,0.32729852199554443,2026-07-14 16:55:41
63827,1784048133.136975728,2026-07-14T16:55:33.986+0000,86601,Suricata: Alert - ET SCAN NMAP OS fingerprint,0,0.32729852199554443,2026-07-14 16:55:41
63826,1784048133.136974240,2026-07-14T16:55:33.985+0000,86601,Suricata: Alert - ET SCAN NMAP OS fingerprint,0,0.32729852199554443,2026-07-14 16:55:41
63825,1784048133.136972752,2026-07-14T16:55:33.967+0000,86601,Suricata: Alert - ET SCAN NMAP OS fingerprint,0,0.32729852199554443,2026-07-14 16:55:41
63824,1784048133.136971264,2026-07-14T16:55:33.967+0000,86601,Suricata: Alert - ET SCAN NMAP OS fingerprint,0,0.32729852199554443,2026-07-14 16:55:41
63823,1784048133.136969776,2026-07-14T16:55:33.967+0000,86601,Suricata: Alert - ET SCAN NMAP OS fingerprint,0,0.32729852199554443,2026-07-14 16:55:41
63822,1784048133.136968288,2026-07-14T16:55:33.947+0000,86601,Suricata: Alert - ET SCAN NMAP OS fingerprint,0,0.32729852199554443,2026-07-14 16:55:41
63821,1784048133.136966800,2026-07-14T16:55:33.943+0000,86601,Suricata: Alert - ET SCAN NMAP OS fingerprint,0,0.32729852199554443,2026-07-14 16:55:41
63820,1784048133.136965312,2026-07-14T16:55:33.937+0000,86601,Suricata: Alert - ET SCAN NMAP OS fingerprint,0,0.32729852199554443,2026-07-14 16:55:41
63819,1784048133.136963824,2026-07-14T16:55:33.934+0000,86601,Suricata: Alert - ET SCAN NMAP OS fingerprint,0,0.32729852199554443,2026-07-14 16:55:41
63818,1784048133.136962336,2026-07-14T16:55:33.931+0000,86601,Suricata: Alert - ET SCAN NMAP OS fingerprint,0,0.32729852199554443,2026-07-14 16:55:41
63817,1784048133.136960848,2026-07-14T16:55:33.929+0000,86601,Suricata: Alert - ET SCAN NMAP OS fingerprint,0,0.32729852199554443,2026-07-14 16:55:41
63816,1784048133.136959360,2026-07-14T16:55:33.925+0000,86601,Suricata: Alert - ET SCAN NMAP OS fingerprint,0,0.32729852199554443,2026-07-14 16:55:41
63815,1784048133.136957872,2026-07-14T16:55:33.925+0000,86601,Suricata: Alert - ET SCAN NMAP OS fingerprint,0,0.32729852199554443,2026-07-14 16:55:41
63814,1784048133.136956384,2026-07-14T16:55:33.924+0000,86601,Suricata: Alert - ET SCAN NMAP OS fingerprint,0,0.32729852199554443,2026-07-14 16:55:41
63813,1784048133.136954896,2026-07-14T16:55:33.922+0000,86601,Suricata: Alert - ET SCAN NMAP OS fingerprint,0,0.32729852199554443,2026-07-14 16:55:40
63812,1784048133.136953408,2026-07-14T16:55:33.917+0000,86601,Suricata: Alert - ET SCAN NMAP OS fingerprint,0,0.32729852199554443,2026-07-14 16:55:40
63811,1784048133.136951920,2026-07-14T16:55:33.916+0000,86601,Suricata: Alert - ET SCAN NMAP OS fingerprint,0,0.32729852199554443,2026-07-14 16:55:40
63810,1784048133.136950432,2026-07-14T16:55:33.916+0000,86601,Suricata: Alert - ET SCAN NMAP OS fingerprint,0,0.32729852199554443,2026-07-14 16:55:40
63809,1784048133.136948944,2026-07-14T16:55:33.916+0000,86601,Suricata: Alert - ET SCAN NMAP OS fingerprint,0,0.32729852199554443,2026-07-14 16:55:40
63808,1784048133.136947456,2026-07-14T16:55:33.916+0000,86601,Suricata: Alert - ET SCAN NMAP OS fingerprint,0,0.32729852199554443,2026-07-14 16:55:40
63807,1784048133.136945968,2026-07-14T16:55:33.916+0000,86601,Suricata: Alert - ET SCAN NMAP OS fingerprint,0,0.32729852199554443,2026-07-14 16:55:40
63806,1784048133.136944480,2026-07-14T16:55:33.916+0000,86601,Suricata: Alert - ET SCAN NMAP OS fingerprint,0,0.32729852199554443,2026-07-14 16:55:40
63805,1784048133.136942992,2026-07-14T16:55:33.915+0000,86601,Suricata: Alert - ET SCAN NMAP OS fingerprint,0,0.32729852199554443,2026-07-14 16:55:40
63804,1784048133.136941504,2026-07-14T16:55:33.900+0000,86601,Suricata: Alert - ET SCAN NMAP OS fingerprint,0,0.32729852199554443,2026-07-14 16:55:40
63803,1784048133.136940016,2026-07-14T16:55:33.900+0000,86601,Suricata: Alert - ET SCAN NMAP OS fingerprint,0,0.32729852199554443,2026-07-14 16:55:40
63802,1784048133.136938528,2026-07-14T16:55:33.900+0000,86601,Suricata: Alert - ET SCAN NMAP OS fingerprint,0,0.32729852199554443,2026-07-14 16:55:40
63801,1784048133.136937040,2026-07-14T16:55:33.889+0000,86601,Suricata: Alert - ET SCAN NMAP OS fingerprint,0,0.32729852199554443,2026-07-14 16:55:40
63800,1784048133.136935552,2026-07-14T16:55:33.886+0000,86601,Suricata: Alert - ET SCAN NMAP OS fingerprint,0,0.32729852199554443,2026-07-14 16:55:40
63799,1784048133.136934064,2026-07-14T16:55:33.886+0000,86601,Suricata: Alert - ET SCAN NMAP OS fingerprint,0,0.32729852199554443,2026-07-14 16:55:40
63798,1784048133.136932576,2026-07-14T16:55:33.883+0000,86601,Suricata: Alert - ET SCAN NMAP OS fingerprint,0,0.32729852199554443,2026-07-14 16:55:40
63797,1784048133.136931092,2026-07-14T16:55:33.879+0000,86601,Suricata: Alert - ET SCAN NMAP OS fingerprint,0,0.32729852199554443,2026-07-14 16:55:40
63796,1784048133.136929608,2026-07-14T16:55:33.878+0000,86601,Suricata: Alert - ET SCAN NMAP OS fingerprint,0,0.32729852199554443,2026-07-14 16:55:40
